Date;Value
2001-10-12;14
2001-10-20;47
2001-10-21;36
2001-10-22;42
2001-10-23;40
2001-10-24;21
2001-10-25;16
2001-10-26;12
2001-10-27;8
2001-10-28;18
2001-10-29;2
2001-10-30;-17
2001-10-31;-26
2001-11-20;-25
2001-11-30;-25
2001-12-10;14
2001-12-20;0
2002-01-10;55
2002-01-20;83
2002-01-31;78
2002-02-11;70
2002-02-20;63
2002-03-10;53
2002-03-20;38
2002-03-31;33
2002-04-01;32
2002-04-02;33
2002-04-03;28
2002-04-04;25
2002-04-05;25
2002-04-06;25
2002-04-07;25
2002-04-08;25
2002-04-09;25
2002-04-10;25
2002-04-11;25
2002-04-12;25
2002-04-13;24
2002-04-14;24
2002-04-15;24
2002-04-16;24
2002-04-17;24
2002-04-18;24
2002-04-19;22
2002-04-20;22
2002-04-21;22
2002-04-22;20
2002-04-23;20
2002-04-24;20
2002-04-25;20
2002-04-26;16
2002-04-27;16
2002-04-28;21
2002-04-29;21
2002-04-30;26
2002-05-01;31
2002-05-02;31
2002-05-03;35
2002-05-04;40
2002-05-05;50
2002-05-06;61
2002-05-07;124
2002-05-08;176
2002-05-09;273
2002-05-10;346
2002-05-11;411
2002-05-12;462
2002-05-13;481
2002-05-14;471
2002-05-15;452
2002-05-16;442
2002-05-17;449
2002-05-18;462
2002-05-19;486
2002-05-20;469
2002-05-21;405
2002-05-22;360
2002-05-23;343
2002-05-24;332
2002-05-25;332
2002-05-26;341
2002-05-27;357
2002-05-28;373
2002-05-29;373
2002-05-30;358
2002-05-31;349
2002-06-01;331
2002-06-02;353
2002-06-03;368
2002-06-04;372
2002-06-05;373
2002-06-06;356
2002-06-07;319
2002-06-08;288
2002-06-09;270
2002-06-10;273
2002-06-11;288
2002-06-12;278
2002-06-13;262
2002-06-14;235
2002-06-15;232
2002-06-16;232
2002-06-17;229
2002-06-18;229
2002-06-19;220
2002-06-20;212
2002-06-21;202
2002-06-22;197
2002-06-23;202
2002-06-24;223
2002-06-25;242
2002-06-26;269
2002-06-27;242
2002-06-28;225
2002-06-29;210
2002-06-30;212
2002-07-01;230
2002-07-02;228
2002-07-03;223
2002-07-04;212
2002-07-05;202
2002-07-06;182
2002-07-07;169
2002-07-08;162
2002-07-09;157
2002-07-10;157
2002-07-11;157
2002-07-12;152
2002-07-16;112
2002-07-17;105
2002-07-18;98
2002-07-19;91
2002-07-23;74
2002-07-24;69
2002-07-25;62
2002-07-26;58
2002-07-29;45
2002-07-30;42
2002-07-31;35
2002-08-01;35
2002-08-02;41
2002-08-03;49
2002-08-04;64
2002-08-05;61
2002-08-06;60
2002-08-07;58
2002-08-08;52
2002-08-09;47
2002-08-10;43
2002-08-11;40
2002-08-12;36
2002-08-13;33
2002-08-14;28
2002-08-15;28
2002-08-16;28
2002-08-17;24
2002-08-18;20
2002-08-19;19
2002-08-20;17
2002-08-21;15
2002-08-22;12
2002-08-23;9
2002-08-24;9
2002-08-25;7
2002-08-26;14
2002-08-27;19
2002-08-28;21
2002-08-29;23
2002-08-30;26
2002-08-31;23
2002-09-01;19
2002-09-02;25
2002-09-03;25
2002-09-04;25
2002-09-05;22
2002-09-06;30
2002-09-07;34
2002-09-08;42
2002-09-09;42
2002-09-10;35
2002-09-11;32
2002-09-12;35
2002-09-13;42
2002-09-14;56
2002-09-15;63
2002-09-16;55
2002-09-17;49
2002-09-18;40
2002-09-19;34
2002-09-20;29
2002-09-21;29
2002-09-22;24
2002-09-23;44
2002-09-24;60
2002-09-25;75
2002-09-26;75
2002-09-27;65
2002-09-28;60
2002-09-29;55
2002-09-30;45
2002-10-01;45
2002-10-02;40
2002-10-03;38
2002-10-04;35
2002-10-05;28
2002-10-06;23
2002-10-07;22
2002-10-08;17
2002-10-09;14
2002-10-10;10
2002-10-11;5
2002-10-12;3
2002-10-13;3
2002-10-14;-5
2002-10-15;-3
2002-10-16;-7
2002-10-17;-9
2002-10-18;-14
2002-10-19;-14
2002-10-20;-20
2002-10-21;-33
2002-10-22;-31
2002-10-23;-51
2002-10-24;-61
2002-10-25;-71
2002-10-26;-68
2002-10-27;-68
2002-10-28;-68
2002-10-29;-75
2002-10-30;-65
2002-10-31;-65
2002-11-10;-37
2002-11-20;54
2002-11-30;48
2002-12-10;58
2002-12-20;48
2002-12-31;44
2003-01-20;13
2003-01-31;4
2003-02-10;-1
2003-02-20;-4
2003-03-10;0
2003-03-31;-7
2003-04-01;-7
2003-04-02;-7
2003-04-03;-7
2003-04-04;-7
2003-04-05;-7
2003-04-06;-8
2003-04-07;-9
2003-04-08;-9
2003-04-09;-10
2003-04-10;-11
2003-04-11;-11
2003-04-12;-11
2003-04-13;-11
2003-04-14;-11
2003-04-15;-11
2003-04-16;-10
2003-04-17;-10
2003-04-18;-10
2003-04-19;-10
2003-04-20;-9
2003-04-21;-12
2003-04-22;-17
2003-04-23;-17
2003-04-24;-14
2003-04-25;-11
2003-04-26;-20
2003-04-27;-23
2003-04-28;-23
2003-04-29;-23
2003-04-30;-21
2003-05-01;-17
2003-05-02;-17
2003-05-03;-26
2003-05-04;-28
2003-05-05;-27
2003-05-06;-19
2003-05-07;11
2003-05-08;5
2003-05-09;3
2003-05-10;21
2003-05-11;41
2003-05-12;61
2003-05-13;114
2003-05-14;126
2003-05-15;151
2003-05-16;184
2003-05-17;218
2003-05-18;253
2003-05-19;274
2003-05-20;271
2003-05-21;261
2003-05-22;255
2003-05-23;246
2003-05-24;241
2003-05-25;183
2003-05-26;143
2003-05-27;118
2003-05-28;119
2003-05-29;129
2003-05-30;151
2003-05-31;142
2003-06-01;133
2003-06-02;167
2003-06-03;358
2003-06-04;239
2003-06-05;256
2003-06-06;251
2003-06-07;230
2003-06-08;191
2003-06-09;145
2003-06-13;138
2003-06-14;133
2003-06-17;105
2003-06-18;91
2003-06-19;74
2003-06-20;74
2003-06-21;54
2003-06-22;46
2003-06-23;22
2003-06-24;14
2003-06-25;8
2003-06-26;3
2003-06-27;2
2003-06-28;1
2003-06-29;-7
2003-06-30;-9
2003-07-01;-13
2003-07-02;-18
2003-07-03;-18
2003-07-04;-20
2003-07-05;-24
2003-07-06;-24
2003-07-07;-29
2003-07-08;-33
2003-07-09;-33
2003-07-10;-33
2003-07-11;-33
2003-07-12;-37
2003-07-13;-39
2003-07-14;-41
2003-07-15;39
2003-07-16;-41
2003-07-24;-50
2003-07-25;-54
2003-07-26;-56
2003-07-27;-56
2003-07-28;-56
2003-07-29;-40
2003-07-30;-23
2003-07-31;4
2003-08-01;21
2003-08-02;27
2003-08-03;20
2003-08-04;11
2003-08-05;2
2003-08-06;-9
2003-08-07;-16
2003-08-08;-19
2003-08-09;-9
2003-08-10;-5
2003-08-11;219
2003-08-12;129
2003-08-13;134
2003-08-14;129
2003-08-15;124
2003-08-16;121
2003-08-17;115
2003-08-18;106
2003-08-19;97
2003-08-20;92
2003-08-21;92
2003-08-22;91
2003-08-23;81
2003-08-24;75
2003-08-25;68
2003-08-26;66
2003-08-27;65
2003-08-28;62
2003-08-29;56
2003-08-30;50
2003-08-31;45
2003-09-01;42
2003-09-02;67
2003-09-03;73
2003-09-04;73
2003-09-05;61
2003-09-06;48
2003-09-07;32
2003-09-08;29
2003-09-09;23
2003-09-10;18
2003-09-11;33
2003-09-12;61
2003-09-13;64
2003-09-14;55
2003-09-15;46
2003-09-16;40
2003-09-17;39
2003-09-18;40
2003-09-19;40
2003-09-20;35
2003-09-21;34
2003-09-22;32
2003-09-23;31
2003-09-24;34
2003-09-25;34
2003-09-26;25
2003-09-27;25
2003-09-28;22
2003-09-29;16
2003-09-30;10
2003-10-01;8
2003-10-02;8
2003-10-03;8
2003-10-04;9
2003-10-05;13
2003-10-06;20
2003-10-07;30
2003-10-08;35
2003-10-09;35
2003-10-10;38
2003-10-11;38
2003-10-12;28
2003-10-13;25
2003-10-14;22
2003-10-15;18
2003-10-16;18
2003-10-17;18
2003-10-18;15
2003-10-19;15
2003-10-20;11
2003-10-21;11
2003-10-22;11
2003-10-23;11
2003-10-24;7
2003-10-25;7
2003-10-26;5
2003-10-27;0
2003-10-28;-4
2003-10-29;-10
2003-10-30;-10
2003-10-31;-10
2003-11-01;-63
2003-11-02;-59
2003-11-03;-64
2003-11-04;-82
2003-11-05;-90
2003-11-20;-30
2003-11-30;26
2003-12-10;26
2003-12-20;30
2003-12-31;34
2004-01-20;21
2004-01-31;14
2004-02-10;9
2004-02-20;8
2004-02-29;5
2004-03-10;12
2004-03-20;14
2004-03-31;3
2004-04-01;3
2004-04-02;2
2004-04-03;2
2004-04-04;2
2004-04-05;49
2004-04-06;2
2004-04-07;2
2004-04-08;3
2004-04-09;3
2004-04-10;4
2004-04-11;4
2004-04-12;4
2004-04-13;4
2004-04-14;-4
2004-04-15;-4
2004-04-16;6
2004-04-17;6
2004-04-18;6
2004-04-19;7
2004-04-20;8
2004-04-21;8
2004-04-22;8
2004-04-23;9
2004-04-24;9
2004-04-25;9
2004-04-26;11
2004-04-27;12
2004-04-28;23
2004-04-29;23
2004-04-30;26
2004-05-01;28
2004-05-02;35
2004-05-03;38
2004-05-04;43
2004-05-05;50
2004-05-06;54
2004-05-07;78
2004-05-08;96
2004-05-09;133
2004-05-10;106
2004-05-11;79
2004-05-12;158
2004-05-13;226
2004-05-14;198
2004-05-15;209
2004-05-16;212
2004-05-17;238
2004-05-18;290
2004-05-19;369
2004-05-20;456
2004-05-29;289
2004-06-23;419
2004-06-24;395
2004-06-25;370
2004-06-26;344
2004-06-29;262
2004-06-30;239
2004-07-01;364
2004-07-02;208
2004-07-03;195
2004-07-04;182
2004-07-05;171
2004-07-06;162
2004-07-07;156
2004-07-08;149
2004-07-09;146
2004-07-10;140
2004-07-11;136
2004-07-12;133
2004-07-13;129
2004-07-14;124
2004-07-15;118
2004-07-16;116
2004-07-17;109
2004-07-18;101
2004-07-19;97
2004-07-20;99
2004-07-21;107
2004-07-22;104
2004-07-23;98
2004-07-24;95
2004-07-25;108
2004-07-26;124
2004-07-27;119
2004-07-28;107
2004-07-29;98
2004-07-30;96
2004-07-31;98
2004-08-01;84
2004-08-02;78
2004-08-03;72
2004-08-04;68
2004-08-05;64
2004-08-06;162
2004-08-07;59
2004-08-08;63
2004-08-09;67
2004-08-10;74
2004-08-11;74
2004-08-14;66
2004-08-15;63
2004-08-16;56
2004-08-17;54
2004-08-18;51
2004-08-19;48
2004-08-20;43
2004-08-21;38
2004-08-22;33
2004-08-23;31
2004-08-24;28
2004-08-25;26
2004-08-26;66
2004-08-27;38
2004-08-30;58
2004-08-31;62
2004-09-01;75
2004-09-02;77
2004-09-03;77
2004-09-04;71
2004-09-05;66
2004-09-06;70
2004-09-07;79
2004-09-08;81
2004-09-09;92
2004-09-10;108
2004-09-11;121
2004-09-12;116
2004-09-13;93
2004-09-14;99
2004-09-15;91
2004-09-16;86
2004-09-17;82
2004-09-18;78
2004-09-19;73
2004-09-20;68
2004-09-21;68
2004-09-22;68
2004-09-23;69
2004-09-24;73
2004-09-25;66
2004-09-26;76
2004-09-27;81
2004-09-28;86
2004-09-29;86
2004-09-30;74
2004-10-01;70
2004-10-02;66
2004-10-03;63
2004-10-04;61
2004-10-05;59
2004-10-06;66
2004-10-07;73
2004-10-08;111
2004-10-09;176
2004-10-10;243
2004-10-11;234
2004-10-12;227
2004-10-13;183
2004-10-14;168
2004-10-15;151
2004-10-16;138
2004-10-17;133
2004-10-18;126
2004-10-19;116
2004-10-20;108
2004-10-21;90
2004-10-22;87
2004-10-23;76
2004-10-24;67
2004-10-25;61
2004-10-26;47
2004-10-27;31
2004-10-28;41
2004-10-29;44
2004-10-30;50
2004-10-31;11
2004-11-01;1
2004-11-02;6
2004-11-03;3
2004-11-04;9
2004-11-05;0
2004-11-10;32
2004-11-20;20
2004-11-30;38
2004-12-10;81
2004-12-20;100
2004-12-31;88
2005-01-10;69
2005-01-20;53
2005-01-31;40
2005-02-10;35
2005-02-20;22
2005-02-28;18
2005-03-10;5
2005-03-20;3
2005-03-31;2
2005-04-01;2
2005-04-02;2
2005-04-03;5
2005-04-04;8
2005-04-05;11
2005-04-06;14
2005-04-07;17
2005-04-08;17
2005-04-09;17
2005-04-10;17
2005-04-11;17
2005-04-12;17
2005-04-13;17
2005-04-14;18
2005-04-15;19
2005-04-16;20
2005-04-17;24
2005-04-18;24
2005-04-19;29
2005-04-20;29
2005-04-21;29
2005-04-22;31
2005-04-23;31
2005-04-24;31
2005-04-25;32
2005-04-26;23
2005-04-27;37
2005-04-28;41
2005-04-29;43
2005-04-30;45
2005-05-01;51
2005-05-02;58
2005-05-03;58
2005-05-04;58
2005-05-05;64
2005-05-06;83
2005-05-07;145
2005-05-08;165
2005-05-09;88
2005-05-10;141
2005-05-11;137
2005-05-12;170
2005-05-13;174
2005-05-14;194
2005-05-15;226
2005-05-16;246
2005-05-17;265
2005-05-18;277
2005-05-19;284
2005-05-20;293
2005-05-21;299
2005-05-22;293
2005-05-23;283
2005-05-24;289
2005-05-25;312
2005-05-26;327
2005-05-27;309
2005-05-28;260
2005-05-29;249
2005-05-30;250
2005-05-31;260
2005-06-01;268
2005-06-02;273
2005-06-03;274
2005-06-04;275
2005-06-05;270
2005-06-06;248
2005-06-07;221
2005-06-08;202
2005-06-09;198
2005-06-10;196
2005-06-11;196
2005-06-12;202
2005-06-13;213
2005-06-14;234
2005-06-15;250
2005-06-16;241
2005-06-17;227
2005-06-18;206
2005-06-19;224
2005-06-20;224
2005-06-21;215
2005-06-22;198
2005-06-23;186
2005-06-24;204
2005-06-25;221
2005-06-26;212
2005-06-27;189
2005-06-28;162
2005-06-29;146
2005-06-30;129
2005-07-01;135
2005-07-02;130
2005-07-03;125
2005-07-04;118
2005-07-05;107
2005-07-06;99
2005-07-07;96
2005-07-08;93
2005-07-09;92
2005-07-10;90
2005-07-11;80
2005-07-12;75
2005-07-13;65
2005-07-14;58
2005-07-15;53
2005-07-16;47
2005-07-17;41
2005-07-18;34
2005-07-19;28
2005-07-20;25
2005-07-21;23
2005-07-22;21
2005-07-23;21
2005-07-24;18
2005-07-25;18
2005-07-26;18
2005-07-27;16
2005-07-28;8
2005-07-29;0
2005-07-30;-2
2005-07-31;-5
2005-08-01;-8
2005-08-02;-10
2005-08-03;-12
2005-08-04;-14
2005-08-05;-14
2005-08-06;-14
2005-08-07;-15
2005-08-08;-17
2005-08-09;-18
2005-08-10;-19
2005-08-11;-16
2005-08-12;-15
2005-08-13;-8
2005-08-14;-11
2005-08-15;-15
2005-08-16;-4
2005-08-17;1
2005-08-18;1
2005-08-19;1
2005-08-20;1
2005-08-21;2
2005-08-22;3
2005-08-23;3
2005-08-24;2
2005-08-25;0
2005-08-26;-1
2005-08-27;0
2005-08-28;0
2005-08-29;-1
2005-08-30;-3
2005-08-31;-5
2005-09-01;-9
2005-09-02;-13
2005-09-03;-16
2005-09-04;-19
2005-09-05;-21
2005-09-06;-22
2005-09-07;-22
2005-09-08;-22
2005-09-09;-21
2005-09-10;-19
2005-09-11;-18
2005-09-12;-10
2005-09-13;1
2005-09-14;7
2005-09-15;3
2005-09-16;0
2005-09-17;-4
2005-09-18;-4
2005-09-19;-5
2005-09-20;-10
2005-09-21;-15
2005-09-22;-17
2005-09-23;-20
2005-09-24;-22
2005-09-25;-24
2005-09-26;-28
2005-09-27;-28
2005-09-28;-28
2005-09-29;-28
2005-09-30;-28
2005-10-01;-28
2005-10-02;-25
2005-10-03;-24
2005-10-04;-8
2005-10-05;0
2005-10-06;22
2005-10-07;26
2005-10-08;29
2005-10-09;32
2005-10-10;32
2005-10-11;27
2005-10-12;23
2005-10-13;23
2005-10-14;20
2005-10-15;20
2005-10-16;13
2005-10-17;11
2005-10-18;7
2005-10-19;5
2005-10-20;1
2005-10-21;0
2005-10-22;-6
2005-10-23;-8
2005-10-24;-1
2005-10-25;7
2005-10-26;3
2005-10-27;1
2005-10-28;4
2005-10-29;7
2005-10-30;7
2005-10-31;6
2005-11-01;-16
2005-11-02;-20
2005-11-03;-29
2005-11-10;-98
2005-11-20;-29
2005-11-30;70
2005-12-10;61
2005-12-20;47
2006-01-10;42
2006-01-20;34
2006-01-31;20
2006-02-10;16
2006-02-20;13
2006-02-28;-6
2006-03-10;-3
2006-03-20;-2
2006-03-31;-4
2006-04-01;-4
2006-04-02;-4
2006-04-03;-4
2006-04-04;-5
2006-04-05;-3
2006-04-06;-1
2006-04-07;0
2006-04-08;0
2006-04-09;0
2006-04-10;2
2006-04-11;3
2006-04-12;5
2006-04-13;6
2006-04-14;7
2006-04-15;8
2006-04-16;9
2006-04-17;9
2006-04-18;12
2006-04-19;13
2006-04-20;13
2006-04-21;14
2006-04-22;14
2006-04-23;14
2006-04-24;14
2006-04-25;15
2006-04-26;16
2006-04-27;17
2006-04-28;12
2006-04-29;8
2006-04-30;14
2006-05-01;23
2006-05-02;28
2006-05-03;35
2006-05-04;38
2006-05-05;43
2006-05-06;50
2006-05-07;55
2006-05-08;89
2006-05-09;86
2006-05-10;105
2006-05-11;133
2006-05-12;184
2006-05-13;233
2006-05-14;254
2006-05-15;301
2006-05-16;393
2006-05-17;505
2006-05-18;550
2006-05-19;532
2006-05-20;502
2006-05-21;499
2006-05-22;495
2006-05-23;492
2006-06-01;461
2006-06-02;590
2006-06-03;442
2006-06-04;480
2006-06-05;535
2006-06-06;560
2006-06-07;546
2006-06-08;517
2006-06-09;494
2006-06-10;477
2006-06-11;453
2006-06-12;433
2006-06-13;415
2006-06-14;419
2006-06-15;421
2006-06-16;401
2006-06-17;378
2006-06-18;373
2006-06-19;389
2006-06-20;399
2006-06-21;404
2006-06-22;404
2006-06-23;399
2006-06-24;380
2006-06-25;353
2006-06-26;338
2006-06-27;316
2006-06-28;295
2006-06-29;278
2006-06-30;257
2006-07-01;247
2006-07-02;222
2006-07-03;222
2006-07-04;226
2006-07-05;217
2006-07-06;203
2006-07-07;192
2006-07-08;177
2006-07-09;162
2006-07-10;139
2006-07-11;135
2006-07-12;132
2006-07-13;125
2006-07-14;122
2006-07-15;121
2006-07-16;124
2006-07-17;124
2006-07-18;125
2006-07-19;122
2006-07-20;116
2006-07-21;113
2006-07-22;108
2006-07-23;100
2006-07-24;91
2006-07-25;81
2006-07-26;75
2006-07-27;68
2006-07-28;64
2006-07-29;60
2006-07-30;60
2006-07-31;60
2006-08-01;59
2006-08-02;59
2006-08-03;59
2006-08-04;57
2006-08-05;53
2006-08-06;50
2006-08-07;46
2006-08-08;42
2006-08-09;38
2006-08-10;38
2006-08-11;38
2006-08-12;49
2006-08-13;51
2006-08-14;66
2006-08-15;118
2006-08-16;173
2006-08-17;190
2006-08-18;187
2006-08-19;170
2006-08-20;149
2006-08-21;122
2006-08-22;119
2006-08-23;109
2006-08-24;105
2006-08-25;101
2006-08-26;97
2006-08-27;99
2006-08-28;99
2006-08-29;98
2006-08-30;97
2006-08-31;96
2006-09-01;89
2006-09-02;85
2006-09-03;81
2006-09-04;77
2006-09-05;75
2006-09-06;75
2006-09-07;73
2006-09-08;134
2006-09-09;131
2006-09-10;118
2006-09-11;116
2006-09-12;121
2006-09-13;124
2006-09-14;120
2006-09-15;109
2006-09-16;103
2006-09-17;96
2006-09-18;91
2006-09-19;88
2006-09-20;86
2006-09-21;84
2006-09-22;82
2006-09-23;79
2006-09-24;76
2006-09-25;74
2006-09-26;71
2006-09-27;66
2006-09-28;61
2006-09-29;58
2006-09-30;62
2006-10-01;65
2006-10-02;65
2006-10-03;68
2006-10-04;72
2006-10-05;72
2006-10-06;70
2006-10-07;83
2006-10-08;80
2006-10-09;74
2006-10-10;66
2006-10-11;60
2006-10-12;51
2006-10-13;49
2006-10-14;45
2006-10-15;45
2006-10-16;45
2006-10-17;43
2006-10-18;41
2006-10-19;33
2006-10-20;28
2006-10-21;20
2006-10-22;20
2006-10-23;18
2006-10-24;-2
2006-10-25;-17
2006-10-26;-34
2006-10-27;-42
2006-10-28;-43
2006-10-29;-48
2006-10-30;-53
2006-10-31;-37
2006-11-01;0
2006-11-20;-37
2006-11-30;68
2006-12-10;95
2006-12-20;96
2007-01-10;94
2007-01-31;77
2007-02-10;73
2007-02-20;62
2007-02-28;56
2007-03-10;51
2007-03-20;40
2007-03-31;31
2007-04-01;31
2007-04-02;31
2007-04-03;29
2007-04-04;29
2007-04-05;28
2007-04-06;29
2007-04-07;29
2007-04-08;29
2007-04-09;29
2007-04-10;30
2007-04-11;30
2007-04-12;31
2007-04-13;33
2007-04-14;34
2007-04-15;34
2007-04-16;37
2007-04-17;38
2007-04-18;40
2007-04-19;43
2007-04-20;45
2007-04-21;47
2007-04-22;50
2007-04-23;52
2007-04-24;56
2007-04-25;62
2007-04-26;58
2007-04-27;93
2007-04-28;108
2007-04-29;147
2007-04-30;298
2007-05-01;315
2007-05-02;343
2007-05-03;381
2007-05-04;413
2007-05-05;424
2007-05-06;410
2007-05-07;422
2007-05-08;438
2007-05-09;416
2007-05-10;376
2007-05-11;345
2007-05-12;333
2007-05-13;318
2007-05-14;312
2007-05-15;320
2007-05-16;325
2007-05-17;341
2007-05-18;329
2007-05-19;310
2007-05-20;322
2007-05-21;329
2007-05-22;335
2007-05-23;337
2007-05-24;332
2007-05-25;317
2007-05-26;300
2007-05-27;291
2007-05-28;286
2007-05-29;291
2007-05-30;305
2007-05-31;320
2007-06-01;324
2007-06-02;327
2007-06-03;310
2007-06-04;284
2007-06-05;281
2007-06-06;243
2007-06-07;273
2007-06-08;314
2007-06-09;332
2007-06-10;320
2007-06-11;313
2007-06-12;291
2007-06-13;267
2007-06-14;252
2007-06-15;244
2007-06-16;234
2007-06-17;237
2007-06-18;251
2007-06-19;282
2007-06-20;280
2007-06-21;280
2007-06-22;277
2007-06-23;270
2007-06-24;268
2007-06-25;257
2007-06-26;241
2007-06-27;246
2007-06-28;246
2007-06-29;233
2007-06-30;221
2007-07-01;221
2007-07-02;226
2007-07-03;228
2007-07-04;221
2007-07-05;215
2007-07-06;209
2007-07-07;200
2007-07-08;192
2007-07-09;188
2007-07-10;186
2007-07-11;179
2007-07-12;170
2007-07-13;160
2007-07-14;148
2007-07-15;136
2007-07-16;126
2007-07-17;124
2007-07-18;115
2007-07-19;110
2007-07-20;105
2007-07-21;116
2007-07-22;119
2007-07-23;115
2007-07-24;111
2007-07-25;100
2007-07-26;90
2007-07-27;80
2007-07-28;73
2007-07-29;71
2007-07-30;68
2007-07-31;65
2007-08-01;62
2007-08-02;55
2007-08-03;50
2007-08-04;48
2007-08-05;52
2007-08-06;63
2007-08-07;65
2007-08-08;65
2007-08-09;63
2007-08-10;63
2007-08-11;58
2007-08-12;53
2007-08-13;46
2007-08-14;44
2007-08-15;43
2007-08-16;38
2007-08-17;36
2007-08-18;33
2007-08-19;30
2007-08-20;27
2007-08-21;27
2007-08-22;26
2007-08-23;27
2007-08-24;28
2007-08-25;28
2007-08-26;28
2007-08-27;27
2007-08-28;30
2007-08-29;31
2007-08-30;30
2007-08-31;26
2007-09-01;23
2007-09-02;22
2007-09-03;21
2007-09-04;19
2007-09-05;16
2007-09-06;14
2007-09-07;12
2007-09-08;10
2007-09-09;8
2007-09-10;7
2007-09-11;9
2007-09-12;9
2007-09-13;9
2007-09-14;13
2007-09-15;16
2007-09-16;18
2007-09-17;18
2007-09-18;18
2007-09-19;17
2007-09-20;18
2007-09-21;18
2007-09-22;17
2007-09-23;16
2007-09-24;15
2007-09-25;14
2007-09-26;14
2007-09-27;15
2007-09-28;19
2007-09-29;23
2007-09-30;28
2007-10-01;37
2007-10-02;52
2007-10-03;63
2007-10-04;83
2007-10-05;87
2007-10-06;85
2007-10-07;79
2007-10-08;70
2007-10-09;63
2007-10-10;59
2007-10-11;56
2007-10-12;52
2007-10-13;48
2007-10-14;42
2007-10-15;38
2007-10-16;34
2007-10-17;30
2007-10-18;29
2007-10-19;27
2007-10-20;24
2007-10-21;22
2007-10-22;22
2007-10-23;22
2007-10-24;21
2007-10-25;20
2007-10-26;19
2007-10-27;12
2007-10-28;4
2007-10-29;4
2007-10-30;4
2007-10-31;-3
2007-11-01;-1
2007-11-02;-8
2007-11-03;-18
2007-11-04;-18
2007-11-05;-18
2007-11-06;-18
2007-11-07;-28
2007-11-08;-27
2007-11-09;-33
2007-11-10;-35
2007-11-11;-29
2007-11-12;-29
2007-11-13;-38
2007-11-20;-26
2007-11-30;55
2007-12-10;80
2007-12-20;87
2008-01-01;96
2008-01-02;94
2008-01-03;94
2008-01-04;92
2008-01-05;90
2008-01-06;89
2008-01-07;86
2008-01-08;86
2008-01-09;84
2008-01-10;84
2008-01-11;82
2008-01-12;80
2008-01-13;78
2008-01-14;76
2008-01-15;72
2008-01-16;72
2008-01-17;71
2008-01-18;71
2008-01-19;70
2008-01-20;70
2008-01-21;68
2008-01-22;67
2008-01-23;65
2008-01-24;63
2008-01-25;63
2008-01-26;62
2008-01-27;62
2008-01-28;61
2008-01-29;61
2008-01-30;60
2008-01-31;60
2008-02-01;57
2008-02-02;57
2008-02-03;58
2008-02-04;58
2008-02-05;59
2008-02-06;59
2008-02-07;59
2008-02-08;61
2008-02-09;61
2008-02-10;62
2008-02-11;57
2008-02-12;57
2008-02-13;55
2008-02-14;51
2008-02-15;47
2008-02-16;43
2008-02-17;41
2008-02-18;41
2008-02-19;41
2008-02-20;41
2008-02-21;41
2008-02-22;41
2008-02-23;40
2008-02-24;40
2008-02-25;38
2008-02-26;38
2008-02-27;37
2008-02-28;37
2008-02-29;36
2008-03-01;35
2008-03-02;35
2008-03-03;35
2008-03-04;34
2008-03-05;34
2008-03-06;34
2008-03-07;34
2008-03-08;32
2008-03-09;32
2008-03-10;32
2008-03-11;31
2008-03-12;31
2008-03-13;31
2008-03-14;29
2008-03-15;29
2008-03-16;29
2008-03-17;29
2008-03-18;29
2008-03-19;29
2008-03-20;29
2008-03-21;29
2008-03-22;29
2008-03-23;29
2008-03-24;29
2008-03-25;28
2008-03-26;28
2008-03-27;28
2008-03-28;28
2008-03-29;27
2008-03-30;27
2008-03-31;27
2008-04-01;29
2008-04-02;29
2008-04-03;34
2008-04-04;34
2008-04-05;35
2008-04-06;35
2008-04-07;35
2008-04-08;32
2008-04-09;32
2008-04-10;32
2008-04-11;31
2008-04-12;31
2008-04-13;31
2008-04-14;30
2008-04-15;30
2008-04-16;30
2008-04-17;30
2008-04-18;30
2008-04-19;27
2008-04-20;27
2008-04-21;27
2008-04-22;29
2008-04-23;30
2008-04-24;31
2008-04-25;32
2008-04-26;33
2008-04-27;35
2008-04-28;30
2008-04-29;32
2008-04-30;34
2008-05-01;36
2008-05-02;42
2008-05-03;64
2008-05-04;87
2008-05-05;115
2008-05-06;140
2008-05-07;166
2008-05-08;225
2008-05-09;175
2008-05-10;155
2008-05-11;156
2008-05-12;169
2008-05-13;186
2008-05-14;214
2008-05-15;247
2008-05-16;272
2008-05-17;273
2008-05-18;259
2008-05-19;250
2008-05-20;258
2008-05-21;264
2008-05-22;261
2008-05-23;259
2008-05-24;250
2008-05-25;235
2008-05-26;234
2008-05-27;251
2008-05-28;264
2008-05-29;263
2008-05-30;251
2008-05-31;239
2008-06-01;233
2008-06-02;237
2008-06-03;261
2008-06-04;293
2008-06-05;323
2008-06-06;345
2008-06-07;369
2008-06-08;386
2008-06-09;406
2008-06-10;442
2008-06-11;460
2008-06-12;459
2008-06-13;465
2008-06-14;481
2008-06-15;503
2008-06-16;498
2008-06-17;479
2008-06-18;462
2008-06-19;434
2008-06-20;403
2008-06-21;379
2008-06-22;352
2008-06-23;331
2008-06-24;303
2008-06-25;284
2008-06-26;269
2008-06-27;258
2008-06-28;248
2008-06-29;235
2008-06-30;251
2008-07-01;252
2008-07-02;244
2008-07-03;233
2008-07-04;214
2008-07-05;198
2008-07-06;183
2008-07-07;172
2008-07-08;159
2008-07-09;151
2008-07-10;139
2008-07-11;137
2008-07-12;149
2008-07-13;156
2008-07-14;157
2008-07-15;161
2008-07-16;166
2008-07-17;165
2008-07-18;159
2008-07-19;152
2008-07-20;144
2008-07-21;134
2008-07-22;119
2008-07-23;111
2008-07-24;100
2008-07-25;97
2008-07-26;99
2008-07-27;98
2008-07-28;93
2008-07-29;92
2008-07-30;101
2008-07-31;118
2008-08-01;155
2008-08-02;181
2008-08-03;189
2008-08-04;173
2008-08-05;160
2008-08-06;149
2008-08-07;135
2008-08-08;121
2008-08-09;116
2008-08-10;131
2008-08-11;134
2008-08-12;129
2008-08-13;119
2008-08-14;110
2008-08-15;105
2008-08-16;100
2008-08-17;96
2008-08-18;90
2008-08-19;87
2008-08-20;85
2008-08-21;85
2008-08-22;83
2008-08-23;88
2008-08-24;104
2008-08-25;118
2008-08-26;134
2008-08-27;144
2008-08-28;147
2008-08-29;126
2008-08-30;113
2008-08-31;105
2008-09-01;97
2008-09-02;92
2008-09-03;88
2008-09-04;85
2008-09-05;86
2008-09-06;89
2008-09-07;89
2008-09-08;85
2008-09-09;81
2008-09-10;80
2008-09-11;74
2008-09-12;73
2008-09-13;69
2008-09-14;67
2008-09-15;63
2008-09-16;60
2008-09-17;67
2008-09-18;70
2008-09-19;70
2008-09-20;72
2008-09-21;78
2008-09-22;84
2008-09-23;88
2008-09-24;88
2008-09-25;87
2008-09-26;84
2008-09-27;80
2008-09-28;80
2008-09-29;79
2008-09-30;77
2008-10-01;75
2008-10-02;72
2008-10-03;71
2008-10-04;71
2008-10-05;71
2008-10-06;69
2008-10-07;66
2008-10-08;65
2008-10-09;65
2008-10-10;66
2008-10-11;71
2008-10-12;77
2008-10-13;78
2008-10-14;78
2008-10-15;75
2008-10-16;73
2008-10-17;70
2008-10-18;70
2008-10-19;69
2008-10-20;67
2008-10-21;63
2008-10-22;59
2008-10-23;55
2008-10-24;49
2008-10-25;45
2008-10-26;37
2008-10-27;28
2008-10-28;22
2008-10-29;23
2008-10-30;25
2008-10-31;25
2008-11-01;19
2008-11-02;-16
2008-11-03;-21
2008-11-04;-24
2008-11-05;-35
2008-11-06;-46
2008-11-07;-46
2008-11-08;-51
2008-11-09;-62
2008-11-10;-72
2008-11-11;-68
2008-11-12;-64
2008-11-13;-60
2008-11-14;-57
2008-11-15;-52
2008-11-16;-48
2008-11-17;-44
2008-11-18;-41
2008-11-19;-37
2008-11-20;-38
2008-11-21;-33
2008-11-22;-27
2008-11-23;-22
2008-11-24;-17
2008-11-25;-12
2008-11-26;-7
2008-11-27;-2
2008-11-28;7
2008-11-29;11
2008-11-30;12
2008-12-01;11
2008-12-02;11
2008-12-03;11
2008-12-04;11
2008-12-05;11
2008-12-06;11
2008-12-07;13
2008-12-08;16
2008-12-09;18
2008-12-10;20
2008-12-11;26
2008-12-12;32
2008-12-13;37
2008-12-14;44
2008-12-15;50
2008-12-16;64
2008-12-17;70
2008-12-18;76
2008-12-19;83
2008-12-20;89
2008-12-21;89
2008-12-22;89
2008-12-23;89
2008-12-24;89
2008-12-25;89
2008-12-26;89
2008-12-27;89
2008-12-28;87
2008-12-29;87
2008-12-30;87
2008-12-31;87
2009-01-01;85
2009-01-02;85
2009-01-03;84
2009-01-04;84
2009-01-05;84
2009-01-06;84
2009-01-07;84
2009-01-08;83
2009-01-09;83
2009-01-10;83
2009-01-11;83
2009-01-12;83
2009-01-13;81
2009-01-14;81
2009-01-15;80
2009-01-16;80
2009-01-17;80
2009-01-18;80
2009-01-19;80
2009-01-20;78
2009-01-21;78
2009-01-22;78
2009-01-23;78
2009-01-24;77
2009-01-25;77
2009-01-26;75
2009-01-27;75
2009-01-28;74
2009-01-29;74
2009-01-30;72
2009-01-31;72
2009-02-01;68
2009-02-02;65
2009-02-03;63
2009-02-04;63
2009-02-05;63
2009-02-06;61
2009-02-07;61
2009-02-08;61
2009-02-09;52
2009-02-10;52
2009-02-11;52
2009-02-12;52
2009-02-13;49
2009-02-14;49
2009-02-15;48
2009-02-16;48
2009-02-17;45
2009-02-18;45
2009-02-19;43
2009-02-20;43
2009-02-21;43
2009-02-22;41
2009-02-23;41
2009-02-24;39
2009-02-25;39
2009-02-26;39
2009-02-27;38
2009-02-28;38
2009-03-01;34
2009-03-02;34
2009-03-03;34
2009-03-04;34
2009-03-05;34
2009-03-06;34
2009-03-07;34
2009-03-08;34
2009-03-09;34
2009-03-10;30
2009-03-11;30
2009-03-12;30
2009-03-13;30
2009-03-14;28
2009-03-15;28
2009-03-16;28
2009-03-17;28
2009-03-18;28
2009-03-19;25
2009-03-20;25
2009-03-21;25
2009-03-22;25
2009-03-23;25
2009-03-24;24
2009-03-25;24
2009-03-26;23
2009-03-27;23
2009-03-28;22
2009-03-29;22
2009-03-30;21
2009-03-31;21
2009-04-01;21
2009-04-02;21
2009-04-03;20
2009-04-04;20
2009-04-05;19
2009-04-06;19
2009-04-07;20
2009-04-08;21
2009-04-09;21
2009-04-10;29
2009-04-11;32
2009-04-12;35
2009-04-13;37
2009-04-14;38
2009-04-15;41
2009-04-16;46
2009-04-17;55
2009-04-18;62
2009-04-19;65
2009-04-20;65
2009-04-21;65
2009-04-22;66
2009-04-23;66
2009-04-24;68
2009-04-25;77
2009-04-26;101
2009-04-27;139
2009-04-28;220
2009-04-29;310
2009-04-30;337
2009-05-01;360
2009-05-02;372
2009-05-03;375
2009-05-04;362
2009-05-05;344
2009-05-06;333
2009-05-07;333
2009-05-08;330
2009-05-09;306
2009-05-10;281
2009-05-11;261
2009-05-12;226
2009-05-13;213
2009-05-14;204
2009-05-15;221
2009-05-16;258
2009-05-17;278
2009-05-18;289
2009-05-19;289
2009-05-20;309
2009-05-21;337
2009-05-22;358
2009-05-23;390
2009-05-24;407
2009-05-25;409
2009-05-26;401
2009-05-27;380
2009-05-28;364
2009-05-29;354
2009-05-30;339
2009-05-31;320
2009-06-01;311
2009-06-02;311
2009-06-03;327
2009-06-04;356
2009-06-05;386
2009-06-06;407
2009-06-07;425
2009-06-08;434
2009-06-09;431
2009-06-10;421
2009-06-11;410
2009-06-12;389
2009-06-13;381
2009-06-14;381
2009-06-15;378
2009-06-16;377
2009-06-17;385
2009-06-18;400
2009-06-19;410
2009-06-20;412
2009-06-21;396
2009-06-22;355
2009-06-23;327
2009-06-24;313
2009-06-25;310
2009-06-26;322
2009-06-27;324
2009-06-28;310
2009-06-29;293
2009-06-30;287
2009-07-01;276
2009-07-02;263
2009-07-03;253
2009-07-04;248
2009-07-05;245
2009-07-06;241
2009-07-07;239
2009-07-08;233
2009-07-09;220
2009-07-10;200
2009-07-11;187
2009-07-12;178
2009-07-13;170
2009-07-14;162
2009-07-15;156
2009-07-16;152
2009-07-17;144
2009-07-18;140
2009-07-19;133
2009-07-20;128
2009-07-21;122
2009-07-22;117
2009-07-23;114
2009-07-24;114
2009-07-25;117
2009-07-26;117
2009-07-27;115
2009-07-28;117
2009-07-29;126
2009-07-30;131
2009-07-31;133
2009-08-01;131
2009-08-02;124
2009-08-03;116
2009-08-04;109
2009-08-05;103
2009-08-06;98
2009-08-07;88
2009-08-08;82
2009-08-09;81
2009-08-10;78
2009-08-11;74
2009-08-12;71
2009-08-13;69
2009-08-14;71
2009-08-15;79
2009-08-16;103
2009-08-17;113
2009-08-18;126
2009-08-19;136
2009-08-20;139
2009-08-21;148
2009-08-22;159
2009-08-23;175
2009-08-24;181
2009-08-25;172
2009-08-26;165
2009-08-27;160
2009-08-28;155
2009-08-29;154
2009-08-30;149
2009-08-31;141
2009-09-01;138
2009-09-02;131
2009-09-03;129
2009-09-04;124
2009-09-05;124
2009-09-06;128
2009-09-07;133
2009-09-08;135
2009-09-09;143
2009-09-10;146
2009-09-11;140
2009-09-12;135
2009-09-13;131
2009-09-14;125
2009-09-15;124
2009-09-16;133
2009-09-17;138
2009-09-18;141
2009-09-19;139
2009-09-20;129
2009-09-21;121
2009-09-22;115
2009-09-23;107
2009-09-24;108
2009-09-25;115
2009-09-26;115
2009-09-27;110
2009-09-28;109
2009-09-29;107
2009-09-30;107
2009-10-01;113
2009-10-02;120
2009-10-03;127
2009-10-04;136
2009-10-05;136
2009-10-06;134
2009-10-07;128
2009-10-08;123
2009-10-09;118
2009-10-10;115
2009-10-11;113
2009-10-12;108
2009-10-13;100
2009-10-14;95
2009-10-15;90
2009-10-16;88
2009-10-17;83
2009-10-18;80
2009-10-19;79
2009-10-20;76
2009-10-21;72
2009-10-22;69
2009-10-23;65
2009-10-24;62
2009-10-25;61
2009-10-26;54
2009-10-27;49
2009-10-28;49
2009-10-29;34
2009-10-30;34
2009-10-31;-20
2009-11-01;-35
2009-11-02;-60
2009-11-03;-57
2009-11-04;-45
2009-11-05;-40
2009-11-06;-35
2009-11-07;-30
2009-11-08;-25
2009-11-09;-15
2009-11-10;-15
2009-11-11;-5
2009-11-12;10
2009-11-13;18
2009-11-14;25
2009-11-15;30
2009-11-16;37
2009-11-17;45
2009-11-18;52
2009-11-19;52
2009-11-20;52
2009-11-21;58
2009-11-22;66
2009-11-23;74
2009-11-24;82
2009-11-25;90
2009-11-26;98
2009-11-27;106
2009-11-28;114
2009-11-29;122
2009-11-30;132
2009-12-01;133
2009-12-02;133
2009-12-03;135
2009-12-04;135
2009-12-05;138
2009-12-06;138
2009-12-07;138
2009-12-08;140
2009-12-09;140
2009-12-10;140
2009-12-11;140
2009-12-12;140
2009-12-13;138
2009-12-14;136
2009-12-15;136
2009-12-16;134
2009-12-17;134
2009-12-18;134
2009-12-19;132
2009-12-20;132
2009-12-21;130
2009-12-22;130
2009-12-23;130
2009-12-24;129
2009-12-25;129
2009-12-26;128
2009-12-27;128
2009-12-28;126
2009-12-29;126
2009-12-30;126
2009-12-31;124
2010-01-01;124
2010-01-02;124
2010-01-03;124
2010-01-04;123
2010-01-05;123
2010-01-06;122
2010-01-07;122
2010-01-08;121
2010-01-09;121
2010-01-10;120
2010-01-11;120
2010-01-12;120
2010-01-13;120
2010-01-14;120
2010-01-15;116
2010-01-16;116
2010-01-17;116
2010-01-18;116
2010-01-19;116
2010-01-20;116
2010-01-21;116
2010-01-22;116
2010-01-23;116
2010-01-24;114
2010-01-25;114
2010-01-26;113
2010-01-27;113
2010-01-28;113
2010-01-29;111
2010-01-30;111
2010-01-31;110
2010-02-01;105
2010-02-02;103
2010-02-03;101
2010-02-04;99
2010-02-05;95
2010-02-06;92
2010-02-07;90
2010-02-08;90
2010-02-09;88
2010-02-10;88
2010-02-11;88
2010-02-12;88
2010-02-13;88
2010-02-14;87
2010-02-15;87
2010-02-16;87
2010-02-17;87
2010-02-18;87
2010-02-19;85
2010-02-20;85
2010-02-21;83
2010-02-22;81
2010-02-23;79
2010-02-24;79
2010-02-25;77
2010-02-26;77
2010-02-27;75
2010-02-28;75
2010-03-01;75
2010-03-02;75
2010-03-03;75
2010-03-04;73
2010-03-05;73
2010-03-06;73
2010-03-07;73
2010-03-08;70
2010-03-09;70
2010-03-10;70
2010-03-11;68
2010-03-12;68
2010-03-13;68
2010-03-14;65
2010-03-15;65
2010-03-16;65
2010-03-17;63
2010-03-18;63
2010-03-19;63
2010-03-20;58
2010-03-21;58
2010-03-22;58
2010-03-23;58
2010-03-24;58
2010-03-25;58
2010-03-26;58
2010-03-27;58
2010-03-28;54
2010-03-29;54
2010-03-30;54
2010-03-31;54
2010-04-01;54
2010-04-02;52
2010-04-03;52
2010-04-04;52
2010-04-05;52
2010-04-06;52
2010-04-07;52
2010-04-08;52
2010-04-09;52
2010-04-10;52
2010-04-11;52
2010-04-12;52
2010-04-13;52
2010-04-14;52
2010-04-15;52
2010-04-16;52
2010-04-17;52
2010-04-18;52
2010-04-19;52
2010-04-20;52
2010-04-21;52
2010-04-22;52
2010-04-23;60
2010-04-24;63
2010-04-25;66
2010-04-26;68
2010-04-27;70
2010-04-28;72
2010-04-29;73
2010-04-30;73
2010-05-01;69
2010-05-02;80
2010-05-03;102
2010-05-04;134
2010-05-05;191
2010-05-06;240
2010-05-07;293
2010-05-08;327
2010-05-09;372
2010-05-10;409
2010-05-11;493
2010-05-12;457
2010-05-13;454
2010-05-14;484
2010-05-15;539
2010-05-16;581
2010-05-17;596
2010-05-18;590
2010-05-19;573
2010-05-20;561
2010-05-21;490
2010-05-22;469
2010-05-23;456
2010-05-24;436
2010-05-25;399
2010-05-26;346
2010-05-27;301
2010-05-28;299
2010-05-29;319
2010-05-30;334
2010-05-31;346
2010-06-01;361
2010-06-02;368
2010-06-03;376
2010-06-04;368
2010-06-05;352
2010-06-06;332
2010-06-07;319
2010-06-08;314
2010-06-09;298
2010-06-10;273
2010-06-11;255
2010-06-12;238
2010-06-13;225
2010-06-14;213
2010-06-15;206
2010-06-16;201
2010-06-17;185
2010-06-18;179
2010-06-19;175
2010-06-20;171
2010-06-21;164
2010-06-22;153
2010-06-23;145
2010-06-24;134
2010-06-25;127
2010-06-26;137
2010-06-27;136
2010-06-28;126
2010-06-29;121
2010-06-30;123
2010-07-01;132
2010-07-02;147
2010-07-03;163
2010-07-04;182
2010-07-05;197
2010-07-06;193
2010-07-07;185
2010-07-08;170
2010-07-09;153
2010-07-10;140
2010-07-11;127
2010-07-12;114
2010-07-13;102
2010-07-14;90
2010-07-15;80
2010-07-16;86
2010-07-17;91
2010-07-18;113
2010-07-19;149
2010-07-20;171
2010-07-21;167
2010-07-22;157
2010-07-23;147
2010-07-24;145
2010-07-25;160
2010-07-26;168
2010-07-27;167
2010-07-28;154
2010-07-29;140
2010-07-30;130
2010-07-31;123
2010-08-01;121
2010-08-02;118
2010-08-03;116
2010-08-04;116
2010-08-05;115
2010-08-06;109
2010-08-07;105
2010-08-08;105
2010-08-09;105
2010-08-10;105
2010-08-11;98
2010-08-12;89
2010-08-13;83
2010-08-14;80
2010-08-15;78
2010-08-16;70
2010-08-17;70
2010-08-18;68
2010-08-19;65
2010-08-20;65
2010-08-21;58
2010-08-22;53
2010-08-23;48
2010-08-24;45
2010-08-25;43
2010-08-26;40
2010-08-27;35
2010-08-28;53
2010-08-29;53
2010-08-30;57
2010-08-31;54
2010-09-01;58
2010-09-02;63
2010-09-03;65
2010-09-04;70
2010-09-05;68
2010-09-06;65
2010-09-07;64
2010-09-08;67
2010-09-09;70
2010-09-10;75
2010-09-11;75
2010-09-12;75
2010-09-13;68
2010-09-14;65
2010-09-15;63
2010-09-16;60
2010-09-17;60
2010-09-18;58
2010-09-19;55
2010-09-20;55
2010-09-21;50
2010-09-22;50
2010-09-23;50
2010-09-24;51
2010-09-25;54
2010-09-26;59
2010-09-27;78
2010-09-28;85
2010-09-29;83
2010-09-30;78
2010-10-01;68
2010-10-02;58
2010-10-03;54
2010-10-04;52
2010-10-05;58
2010-10-06;60
2010-10-07;80
2010-10-08;92
2010-10-09;85
2010-10-10;83
2010-10-11;80
2010-10-12;80
2010-10-13;78
2010-10-14;73
2010-10-15;68
2010-10-16;60
2010-10-17;55
2010-10-18;50
2010-10-19;48
2010-10-20;55
2010-10-21;53
2010-10-22;50
2010-10-23;45
2010-10-24;45
2010-10-25;43
2010-10-26;40
2010-10-27;35
2010-10-28;20
2010-10-29;15
2010-10-30;-5
2010-10-31;-6
2010-11-01;-10
2010-11-02;-7
2010-11-03;-5
2010-11-04;-2
2010-11-05;2
2010-11-06;7
2010-11-07;10
2010-11-08;8
2010-11-09;8
2010-11-10;7
2010-11-11;-5
2010-11-12;-6
2010-11-13;-12
2010-11-14;-15
2010-11-15;-18
2010-11-16;-21
2010-11-17;-25
2010-11-18;-26
2010-11-19;-27
2010-11-20;-30
2010-11-21;-30
2010-11-22;-38
2010-11-23;-45
2010-11-24;-45
2010-11-25;-44
2010-11-26;-43
2010-11-27;-40
2010-11-28;-38
2010-11-29;-35
2010-11-30;-29
2010-12-01;-24
2010-12-02;-11
2010-12-03;1
2010-12-04;25
2010-12-05;37
2010-12-06;50
2010-12-07;62
2010-12-08;74
2010-12-09;88
2010-12-10;88
2010-12-11;88
2010-12-12;88
2010-12-13;88
2010-12-14;88
2010-12-15;88
2010-12-16;88
2010-12-17;88
2010-12-18;88
2010-12-19;88
2010-12-20;88
2010-12-21;87
2010-12-22;87
2010-12-23;84
2010-12-24;82
2010-12-25;82
2010-12-26;82
2010-12-27;80
2010-12-28;80
2010-12-29;79
2010-12-30;79
2010-12-31;77
2011-01-01;77
2011-01-02;77
2011-01-03;77
2011-01-04;77
2011-01-05;77
2011-01-06;77
2011-01-07;77
2011-01-08;77
2011-01-09;77
2011-01-10;77
2011-01-11;71
2011-01-12;65
2011-01-13;59
2011-01-14;53
2011-01-15;48
2011-01-16;43
2011-01-17;39
2011-01-18;35
2011-01-19;35
2011-01-20;35
2011-01-21;32
2011-01-22;29
2011-01-23;26
2011-01-24;23
2011-01-25;20
2011-01-26;17
2011-01-27;14
2011-01-28;11
2011-01-29;8
2011-01-30;5
2011-01-31;5
2011-02-01;2
2011-02-02;2
2011-02-03;2
2011-02-04;2
2011-02-05;2
2011-02-06;2
2011-02-07;1
2011-02-08;1
2011-02-09;1
2011-02-10;1
2011-02-11;3
2011-02-12;3
2011-02-13;4
2011-02-14;4
2011-02-15;4
2011-02-16;4
2011-02-17;4
2011-02-18;4
2011-02-19;4
2011-02-20;4
2011-02-21;4
2011-02-22;4
2011-02-23;4
2011-02-24;4
2011-02-25;4
2011-02-26;4
2011-02-27;4
2011-02-28;4
2011-03-01;4
2011-03-02;4
2011-03-03;4
2011-03-04;4
2011-03-05;4
2011-03-06;4
2011-03-07;4
2011-03-08;4
2011-03-09;5
2011-03-10;5
2011-03-11;5
2011-03-12;5
2011-03-13;5
2011-03-14;6
2011-03-15;6
2011-03-16;7
2011-03-17;7
2011-03-18;7
2011-03-19;8
2011-03-20;9
2011-03-21;9
2011-03-22;9
2011-03-23;10
2011-03-24;10
2011-03-25;11
2011-03-26;11
2011-03-27;11
2011-03-28;13
2011-03-29;13
2011-03-30;13
2011-03-31;13
2011-04-01;15
2011-04-02;15
2011-04-03;17
2011-04-04;17
2011-04-05;17
2011-04-06;17
2011-04-07;18
2011-04-08;18
2011-04-09;18
2011-04-10;19
2011-04-11;17
2011-04-12;15
2011-04-13;14
2011-04-14;16
2011-04-15;19
2011-04-16;27
2011-04-17;34
2011-04-18;36
2011-04-19;47
2011-04-20;57
2011-04-21;78
2011-04-22;109
2011-04-23;144
2011-04-24;254
2011-04-25;281
2011-04-26;404
2011-04-27;387
2011-04-28;338
2011-04-29;321
2011-04-30;327
2011-05-01;305
2011-05-02;299
2011-05-03;285
2011-05-04;257
2011-05-05;234
2011-05-06;220
2011-05-07;210
2011-05-08;202
2011-05-09;195
2011-05-10;217
2011-05-11;262
2011-05-12;280
2011-05-13;263
2011-05-14;237
2011-05-15;222
2011-05-16;217
2011-05-17;234
2011-05-18;260
2011-05-19;264
2011-05-20;249
2011-05-21;222
2011-05-22;198
2011-05-23;186
2011-05-24;180
2011-05-25;181
2011-05-26;190
2011-05-27;204
2011-05-28;225
2011-05-29;240
2011-05-30;236
2011-05-31;269
2011-06-01;291
2011-06-02;276
2011-06-03;260
2011-06-04;260
2011-06-05;275
2011-06-06;277
2011-06-07;280
2011-06-08;279
2011-06-09;266
2011-06-10;253
2011-06-11;233
2011-06-12;226
2011-06-13;225
2011-06-14;224
2011-06-15;219
2011-06-16;213
2011-06-17;206
2011-06-18;198
2011-06-19;189
2011-06-20;176
2011-06-21;162
2011-06-22;147
2011-06-23;130
2011-06-24;120
2011-06-25;110
2011-06-26;104
2011-06-27;97
2011-06-28;92
2011-06-29;88
2011-06-30;82
2011-07-01;88
2011-07-02;95
2011-07-03;98
2011-07-04;94
2011-07-05;92
2011-07-06;94
2011-07-07;88
2011-07-08;77
2011-07-09;65
2011-07-10;53
2011-07-11;48
2011-07-12;43
2011-07-13;37
2011-07-14;33
2011-07-15;29
2011-07-16;26
2011-07-17;27
2011-07-18;30
2011-07-19;29
2011-07-20;28
2011-07-21;27
2011-07-22;39
2011-07-23;64
2011-07-24;71
2011-07-25;73
2011-07-26;86
2011-07-27;101
2011-07-28;100
2011-07-29;89
2011-07-30;81
2011-07-31;77
2011-08-01;74
2011-08-02;72
2011-08-03;69
2011-08-04;59
2011-08-05;42
2011-08-06;33
2011-08-07;27
2011-08-08;24
2011-08-09;28
2011-08-10;45
2011-08-11;89
2011-08-12;107
2011-08-13;95
2011-08-14;88
2011-08-15;85
2011-08-16;86
2011-08-17;88
2011-08-18;90
2011-08-19;97
2011-08-20;95
2011-08-21;85
2011-08-22;81
2011-08-23;77
2011-08-24;75
2011-08-25;72
2011-08-26;70
2011-08-27;65
2011-08-28;58
2011-08-29;55
2011-08-30;53
2011-08-31;51
2011-09-01;54
2011-09-02;55
2011-09-03;61
2011-09-04;75
2011-09-05;96
2011-09-06;113
2011-09-07;119
2011-09-08;119
2011-09-09;118
2011-09-10;116
2011-09-11;119
2011-09-12;119
2011-09-13;117
2011-09-14;113
2011-09-15;108
2011-09-16;103
2011-09-17;96
2011-09-18;89
2011-09-19;85
2011-09-20;79
2011-09-21;74
2011-09-22;70
2011-09-23;65
2011-09-24;61
2011-09-25;56
2011-09-26;54
2011-09-27;51
2011-09-28;48
2011-09-29;44
2011-09-30;41
2011-10-01;39
2011-10-02;35
2011-10-03;33
2011-10-04;31
2011-10-05;29
2011-10-06;27
2011-10-07;30
2011-10-08;33
2011-10-09;33
2011-10-10;33
2011-10-11;33
2011-10-12;33
2011-10-13;35
2011-10-14;36
2011-10-15;41
2011-10-16;45
2011-10-17;47
2011-10-18;48
2011-10-19;47
2011-10-20;43
2011-10-21;40
2011-10-22;40
2011-10-23;39
2011-10-24;37
2011-10-25;34
2011-10-26;31
2011-10-27;27
2011-10-28;25
2011-10-29;22
2011-10-30;18
2011-10-31;16
2011-11-01;13
2011-11-02;5
2011-11-03;-3
2011-11-04;-4
2011-11-05;5
2011-11-06;12
2011-11-07;-35
2011-11-08;-18
2011-11-09;-18
2011-11-10;-28
2011-11-11;-37
2011-11-12;-43
2011-11-13;-48
2011-11-14;-58
2011-11-15;-63
2011-11-16;-73
2011-11-17;-80
2011-11-18;-80
2011-11-19;-85
2011-11-20;-82
2011-11-21;-68
2011-11-22;-59
2011-11-23;-53
2011-11-24;-43
2011-11-25;-27
2011-11-26;-10
2011-11-27;22
2011-11-28;35
2011-11-29;50
2011-11-30;61
2011-12-01;68
2011-12-02;70
2011-12-03;71
2011-12-04;71
2011-12-05;71
2011-12-06;73
2011-12-07;73
2011-12-08;75
2011-12-09;76
2011-12-10;73
2011-12-11;73
2011-12-12;73
2011-12-13;73
2011-12-14;72
2011-12-15;72
2011-12-16;72
2011-12-17;72
2011-12-18;71
2011-12-19;71
2011-12-20;70
2011-12-21;70
2011-12-22;70
2011-12-23;70
2011-12-24;69
2011-12-25;69
2011-12-26;69
2011-12-27;68
2011-12-28;66
2011-12-29;66
2011-12-30;65
2011-12-31;65
2012-01-01;65
2012-01-02;65
2012-01-03;65
2012-01-04;55
2012-01-05;55
2012-01-06;55
2012-01-07;54
2012-01-08;54
2012-01-09;50
2012-01-10;50
2012-01-11;50
2012-01-12;50
2012-01-13;48
2012-01-14;46
2012-01-15;46
2012-01-16;44
2012-01-17;44
2012-01-18;42
2012-01-19;40
2012-01-20;40
2012-01-21;38
2012-01-22;38
2012-01-23;37
2012-01-24;37
2012-01-25;35
2012-01-26;35
2012-01-27;35
2012-01-28;35
2012-01-29;35
2012-01-30;35
2012-01-31;35
2012-02-01;33
2012-02-02;33
2012-02-03;33
2012-02-04;30
2012-02-05;30
2012-02-06;28
2012-02-07;28
2012-02-08;28
2012-02-09;26
2012-02-10;26
2012-02-11;23
2012-02-12;20
2012-02-13;18
2012-02-14;16
2012-02-15;14
2012-02-16;12
2012-02-17;10
2012-02-18;6
2012-02-19;4
2012-02-21;-2
2012-02-22;-2
2012-02-23;-2
2012-02-24;-3
2012-02-25;-3
2012-02-26;-3
2012-02-27;-5
2012-02-28;-10
2012-02-29;-10
2012-03-01;-10
2012-03-02;-10
2012-03-03;-10
2012-03-04;-10
2012-03-05;-10
2012-03-06;-10
2012-03-07;-10
2012-03-08;-10
2012-03-09;-10
2012-03-10;-12
2012-03-11;-12
2012-03-12;-12
2012-03-13;-12
2012-03-14;-12
2012-03-15;-12
2012-03-16;-12
2012-03-17;-12
2012-03-18;-12
2012-03-19;-12
2012-03-20;-13
2012-03-21;-13
2012-03-22;-13
2012-03-23;-13
2012-03-24;-13
2012-03-25;-13
2012-03-26;-11
2012-03-27;-11
2012-03-28;-11
2012-03-29;-11
2012-03-30;-9
2012-03-31;-4
2012-04-01;-4
2012-04-02;-3
2012-04-03;-5
2012-04-04;-7
2012-04-05;-10
2012-04-06;-10
2012-04-07;-12
2012-04-08;-11
2012-04-09;-10
2012-04-10;-9
2012-04-11;-8
2012-04-12;-6
2012-04-13;-5
2012-04-14;-4
2012-04-15;-3
2012-04-16;-2
2012-04-17;-1
2012-04-18;4
2012-04-19;10
2012-04-20;14
2012-04-21;20
2012-04-22;26
2012-04-23;30
2012-04-24;35
2012-04-25;42
2012-04-26;47
2012-04-27;52
2012-04-28;54
2012-04-29;51
2012-04-30;49
2012-05-01;49
2012-05-02;48
2012-05-03;43
2012-05-04;46
2012-05-05;57
2012-05-06;106
2012-05-07;246
2012-05-08;365
2012-05-09;447
2012-05-10;521
2012-05-11;537
2012-05-12;487
2012-05-13;435
2012-05-14;384
2012-05-15;336
2012-05-16;314
2012-05-17;315
2012-05-18;316
2012-05-19;300
2012-05-20;279
2012-05-21;255
2012-05-22;247
2012-05-23;238
2012-05-24;224
2012-05-25;212
2012-05-26;214
2012-05-27;230
2012-05-28;234
2012-05-29;219
2012-05-30;199
2012-05-31;186
2012-06-01;190
2012-06-02;219
2012-06-03;263
2012-06-04;298
2012-06-05;332
2012-06-06;355
2012-06-07;355
2012-06-08;348
2012-06-09;317
2012-06-10;273
2012-06-11;234
2012-06-12;204
2012-06-13;225
2012-06-14;234
2012-06-15;234
2012-06-16;238
2012-06-17;245
2012-06-18;252
2012-06-19;232
2012-06-20;208
2012-06-21;187
2012-06-22;171
2012-06-23;152
2012-06-24;134
2012-06-25;123
2012-06-26;105
2012-06-27;88
2012-06-28;75
2012-06-29;60
2012-06-30;68
2012-07-01;83
2012-07-02;83
2012-07-03;81
2012-07-04;75
2012-07-05;64
2012-07-06;60
2012-07-07;53
2012-07-08;46
2012-07-09;66
2012-07-10;66
2012-07-11;78
2012-07-12;91
2012-07-13;93
2012-07-14;87
2012-07-15;82
2012-07-16;82
2012-07-17;87
2012-07-18;84
2012-07-19;80
2012-07-20;74
2012-07-21;70
2012-07-22;79
2012-07-23;104
2012-07-24;125
2012-07-25;143
2012-07-26;153
2012-07-27;148
2012-07-28;134
2012-07-29;124
2012-07-30;122
2012-07-31;119
2012-08-01;113
2012-08-02;105
2012-08-03;98
2012-08-04;94
2012-08-05;96
2012-08-06;103
2012-08-07;107
2012-08-08;107
2012-08-09;105
2012-08-10;108
2012-08-11;110
2012-08-12;104
2012-08-13;93
2012-08-14;85
2012-08-15;80
2012-08-16;78
2012-08-17;73
2012-08-18;72
2012-08-19;83
2012-08-20;100
2012-08-21;108
2012-08-22;104
2012-08-23;95
2012-08-24;98
2012-08-25;121
2012-08-26;133
2012-08-27;123
2012-08-28;105
2012-08-29;88
2012-08-30;78
2012-08-31;72
2012-09-01;68
2012-09-02;64
2012-09-03;58
2012-09-04;52
2012-09-05;48
2012-09-06;42
2012-09-07;45
2012-09-08;47
2012-09-09;44
2012-09-10;40
2012-09-11;38
2012-09-12;42
2012-09-13;42
2012-09-14;44
2012-09-15;41
2012-09-16;37
2012-09-17;31
2012-09-18;26
2012-09-19;22
2012-09-20;21
2012-09-21;19
2012-09-22;17
2012-09-23;17
2012-09-24;17
2012-09-25;17
2012-09-26;17
2012-09-27;21
2012-09-28;28
2012-09-29;34
2012-09-30;41
2012-10-01;50
2012-10-02;52
2012-10-03;52
2012-10-04;52
2012-10-05;48
2012-10-06;45
2012-10-07;42
2012-10-08;39
2012-10-09;35
2012-10-10;32
2012-10-11;31
2012-10-12;30
2012-10-13;29
2012-10-14;27
2012-10-15;30
2012-10-16;28
2012-10-17;25
2012-10-18;21
2012-10-19;17
2012-10-20;14
2012-10-21;9
2012-10-22;4
2012-10-23;-3
2012-10-24;-1
2012-10-25;-3
2012-10-26;-3
2012-10-27;-10
2012-10-28;-20
2012-10-29;-25
2012-10-30;-47
2012-10-31;-42
2012-11-01;-35
2012-11-02;-30
2012-11-03;-25
2012-11-04;-16
2012-11-05;-12
2012-11-06;-25
2012-11-07;-38
2012-11-08;-42
2012-11-09;-44
2012-11-10;-44
2012-11-11;-48
2012-11-12;-52
2012-11-13;-55
2012-11-14;-61
2012-11-15;-65
2012-11-16;-50
2012-11-17;-35
2012-11-18;-25
2012-11-19;-20
2012-11-20;-17
2012-11-21;-12
2012-11-22;-5
2012-11-24;3
2012-11-25;13
2012-11-26;20
2012-11-27;35
2012-11-28;35
2012-11-29;37
2012-11-30;37
2012-12-01;40
2012-12-02;40
2012-12-03;40
2012-12-04;40
2012-12-05;45
2012-12-06;50
2012-12-07;55
2012-12-08;60
2012-12-09;60
2012-12-10;65
2012-12-11;65
2012-12-12;65
2012-12-13;65
2012-12-14;65
2012-12-15;65
2012-12-16;65
2012-12-17;65
2012-12-18;65
2012-12-19;65
2012-12-20;65
2012-12-21;65
2012-12-22;65
2012-12-23;65
2012-12-24;65
2012-12-25;65
2012-12-26;65
2012-12-27;65
2012-12-28;65
2012-12-29;65
2012-12-30;65
2012-12-31;65
2013-01-01;64
2013-01-02;62
2013-01-03;60
2013-01-04;58
2013-01-05;56
2013-01-06;54
2013-01-07;52
2013-01-08;50
2013-01-09;48
2013-01-10;45
2013-01-11;45
2013-01-12;45
2013-01-13;45
2013-01-14;44
2013-01-15;44
2013-01-16;42
2013-01-17;42
2013-01-18;42
2013-01-19;40
2013-01-20;40
2013-01-21;38
2013-01-22;36
2013-01-23;34
2013-01-24;32
2013-01-25;30
2013-01-26;28
2013-01-27;26
2013-01-28;24
2013-01-29;22
2013-01-30;20
2013-01-31;20
2013-02-01;20
2013-02-02;19
2013-02-03;18
2013-02-04;17
2013-02-05;16
2013-02-06;15
2013-02-07;14
2013-02-08;13
2013-02-09;13
2013-02-10;12
2013-02-11;12
2013-02-12;12
2013-02-13;12
2013-02-14;12
2013-02-15;12
2013-02-16;12
2013-02-17;12
2013-02-18;12
2013-02-19;12
2013-02-20;12
2013-02-21;12
2013-02-22;12
2013-02-23;12
2013-02-24;11
2013-02-25;11
2013-02-26;11
2013-02-27;9
2013-02-28;9
2013-03-01;9
2013-03-02;9
2013-03-03;8
2013-03-04;8
2013-03-05;8
2013-03-06;8
2013-03-07;8
2013-03-08;8
2013-03-09;8
2013-03-10;7
2013-03-11;8
2013-03-12;9
2013-03-13;9
2013-03-14;10
2013-03-15;11
2013-03-16;12
2013-03-17;12
2013-03-18;13
2013-03-19;15
2013-03-20;15
2013-03-21;16
2013-03-22;16
2013-03-23;16
2013-03-24;16
2013-03-25;16
2013-03-26;16
2013-03-27;16
2013-03-28;16
2013-03-29;16
2013-03-30;16
2013-03-31;16
2013-04-01;16
2013-04-02;16
2013-04-03;16
2013-04-04;17
2013-04-05;17
2013-04-06;18
2013-04-07;19
2013-04-08;20
2013-04-09;21
2013-04-10;23
2013-04-11;24
2013-04-12;25
2013-04-13;27
2013-04-14;28
2013-04-15;29
2013-04-16;29
2013-04-17;30
2013-04-18;30
2013-04-19;31
2013-04-20;33
2013-04-21;35
2013-04-22;36
2013-04-23;36
2013-04-24;38
2013-04-25;41
2013-04-26;45
2013-04-27;49
2013-04-28;59
2013-04-29;78
2013-04-30;104
2013-05-01;159
2013-05-02;245
2013-05-03;418
2013-05-04;473
2013-05-05;528
2013-05-06;569
2013-05-07;597
2013-05-08;567
2013-05-09;510
2013-05-10;473
2013-05-11;447
2013-05-12;414
2013-05-13;367
2013-05-14;342
2013-05-15;319
2013-05-16;299
2013-05-17;278
2013-05-18;229
2013-05-19;210
2013-05-20;193
2013-05-21;170
2013-05-22;153
2013-05-23;144
2013-05-24;147
2013-05-25;162
2013-05-26;180
2013-05-27;199
2013-05-28;207
2013-05-29;197
2013-05-30;192
2013-05-31;207
2013-06-01;230
2013-06-02;232
2013-06-03;222
2013-06-04;210
2013-06-05;209
2013-06-06;214
2013-06-07;217
2013-06-08;214
2013-06-09;212
2013-06-10;208
2013-06-11;209
2013-06-12;217
2013-06-13;227
2013-06-14;230
2013-06-15;222
2013-06-16;214
2013-06-17;201
2013-06-18;187
2013-06-19;181
2013-06-20;182
2013-06-21;184
2013-06-22;179
2013-06-23;165
2013-06-24;151
2013-06-25;144
2013-06-26;138
2013-06-27;131
2013-06-28;115
2013-06-29;107
2013-06-30;92
2013-07-01;82
2013-07-02;68
2013-07-03;53
2013-07-04;39
2013-07-05;38
2013-07-06;41
2013-07-07;41
2013-07-08;39
2013-07-09;34
2013-07-10;34
2013-07-11;34
2013-07-12;29
2013-07-13;26
2013-07-14;24
2013-07-15;28
2013-07-16;29
2013-07-17;30
2013-07-18;32
2013-07-19;46
2013-07-20;71
2013-07-21;69
2013-07-22;57
2013-07-23;47
2013-07-24;38
2013-07-25;34
2013-07-26;37
2013-07-27;46
2013-07-28;55
2013-07-29;59
2013-07-30;57
2013-07-31;47
2013-08-01;38
2013-08-02;30
2013-08-03;22
2013-08-04;14
2013-08-05;9
2013-08-06;8
2013-08-07;5
2013-08-08;2
2013-08-09;-2
2013-08-10;-5
2013-08-11;-9
2013-08-12;-13
2013-08-13;-17
2013-08-14;-19
2013-08-15;-20
2013-08-16;-16
2013-08-17;-21
2013-08-18;-23
2013-08-19;-25
2013-08-20;-27
2013-08-21;-29
2013-08-22;-30
2013-08-23;-30
2013-08-24;-31
2013-08-25;-29
2013-08-26;-30
2013-08-27;-30
2013-08-28;-30
2013-08-29;-31
2013-08-30;-31
2013-08-31;-32
2013-09-01;-33
2013-09-02;-35
2013-09-03;-36
2013-09-04;-36
2013-09-05;-37
2013-09-06;-37
2013-09-07;-37
2013-09-08;-37
2013-09-09;-37
2013-09-10;-38
2013-09-11;-38
2013-09-12;-38
2013-09-13;-36
2013-09-14;-31
2013-09-15;-30
2013-09-16;-28
2013-09-17;-28
2013-09-18;-27
2013-09-19;-28
2013-09-20;-28
2013-09-21;-25
2013-09-22;-23
2013-09-23;-23
2013-09-24;-23
2013-09-25;-22
2013-09-26;-20
2013-09-27;-20
2013-09-28;-19
2013-09-29;-17
2013-09-30;-18
2013-10-01;-19
2013-10-02;-19
2013-10-03;-20
2013-10-04;-23
2013-10-05;-23
2013-10-06;-23
2013-10-07;-23
2013-10-08;-23
2013-10-09;-25
2013-10-10;-25
2013-10-11;-25
2013-10-12;-24
2013-10-13;-25
2013-10-14;-25
2013-10-15;-26
2013-10-16;-29
2013-10-17;-30
2013-10-18;-30
2013-10-19;-31
2013-10-20;-34
2013-10-21;-36
2013-10-22;-41
2013-10-23;-45
2013-10-24;-49
2013-10-25;-50
2013-10-26;-52
2013-10-27;-60
2013-10-28;-63
2013-10-29;-67
2013-10-30;-70
2013-10-31;-70
2013-11-01;-80
2013-11-02;-80
2013-11-03;-80
2013-11-04;-80
2013-11-05;-80
2013-11-06;-80
2013-11-07;-77
2013-11-08;-72
2013-11-09;-72
2013-11-10;-70
2013-11-11;-70
2013-11-12;-70
2013-11-13;-70
2013-11-14;-70
2013-11-15;-70
2013-11-16;-70
2013-11-17;-70
2013-11-18;-70
2013-11-19;-70
2013-11-20;-70
2013-11-21;-65
2013-11-22;-60
2013-11-23;-55
2013-11-24;-50
2013-11-25;-50
2013-11-26;-50
2013-11-27;-50
2013-11-28;-50
2013-11-29;-50
2013-11-30;-50
2013-12-01;-45
2013-12-02;-40
2013-12-03;-35
2013-12-04;-30
2013-12-05;-25
2013-12-06;-20
2013-12-07;-15
2013-12-08;-10
2013-12-09;-5
2013-12-10;4
2013-12-11;9
2013-12-12;14
2013-12-13;18
2013-12-14;23
2013-12-15;27
2013-12-16;31
2013-12-17;35
2013-12-18;37
2013-12-19;37
2013-12-20;40
2013-12-21;41
2013-12-22;43
2013-12-23;43
2013-12-24;44
2013-12-25;44
2013-12-26;45
2013-12-27;45
2013-12-28;45
2013-12-29;46
2013-12-30;46
2013-12-31;47
2014-01-01;47
2014-01-02;47
2014-01-03;47
2014-01-04;47
2014-01-05;47
2014-01-06;47
2014-01-07;47
2014-01-08;47
2014-01-09;47
2014-01-10;47
2014-01-11;47
2014-01-12;45
2014-01-13;45
2014-01-14;43
2014-01-15;41
2014-01-16;41
2014-01-17;39
2014-01-18;38
2014-01-19;37
2014-01-20;32
2014-01-21;32
2014-01-22;32
2014-01-23;32
2014-01-24;30
2014-01-25;29
2014-01-26;27
2014-01-27;27
2014-01-28;26
2014-01-29;26
2014-01-30;25
2014-01-31;25
2014-02-01;25
2014-02-02;24
2014-02-03;23
2014-02-04;23
2014-02-05;22
2014-02-06;21
2014-02-07;20
2014-02-08;19
2014-02-09;18
2014-02-10;16
2014-02-11;16
2014-02-12;15
2014-02-13;14
2014-02-14;13
2014-02-15;12
2014-02-16;11
2014-02-17;10
2014-02-18;10
2014-02-19;8
2014-02-20;7
2014-02-21;7
2014-02-22;6
2014-02-23;4
2014-02-24;3
2014-02-25;2
2014-02-26;1
2014-02-28;-1
2014-03-01;-1
2014-03-02;-1
2014-03-03;-1
2014-03-04;-1
2014-03-05;-1
2014-03-06;-1
2014-03-07;-1
2014-03-08;-1
2014-03-09;-1
2014-03-10;-1
2014-03-11;-1
2014-03-12;-2
2014-03-13;-3
2014-03-14;-4
2014-03-15;-4
2014-03-16;-5
2014-03-17;-5
2014-03-18;-7
2014-03-19;-8
2014-03-20;-10
2014-03-21;-10
2014-03-22;-8
2014-03-23;-7
2014-03-24;-7
2014-03-25;-6
2014-03-26;-6
2014-03-27;-5
2014-03-28;-3
2014-03-29;-2
2014-03-30;3
2014-03-31;5
2014-04-01;10
2014-04-02;10
2014-04-03;10
2014-04-04;10
2014-04-05;10
2014-04-06;10
2014-04-07;10
2014-04-08;10
2014-04-09;13
2014-04-10;15
2014-04-11;17
2014-04-12;22
2014-04-13;28
2014-04-14;31
2014-04-15;43
2014-04-16;74
2014-04-17;74
2014-04-18;75
2014-04-19;108
2014-04-20;176
2014-04-21;139
2014-04-22;141
2014-04-23;173
2014-04-24;183
2014-04-25;207
2014-04-26;212
2014-04-27;202
2014-04-28;197
2014-04-29;212
2014-04-30;233
2014-05-01;245
2014-05-02;239
2014-05-03;214
2014-05-04;180
2014-05-05;152
2014-05-06;133
2014-05-07;123
2014-05-08;128
2014-05-09;133
2014-05-10;140
2014-05-11;151
2014-05-12;168
2014-05-13;177
2014-05-14;168
2014-05-15;154
2014-05-16;137
2014-05-17;127
2014-05-18;121
2014-05-19;134
2014-05-20;154
2014-05-21;169
2014-05-22;161
2014-05-23;143
2014-05-24;127
2014-05-25;119
2014-05-26;119
2014-05-27;137
2014-05-28;169
2014-05-29;181
2014-05-30;184
2014-05-31;182
2014-06-01;186
2014-06-02;203
2014-06-03;212
2014-06-04;208
2014-06-05;202
2014-06-06;198
2014-06-07;190
2014-06-08;183
2014-06-09;183
2014-06-10;185
2014-06-11;201
2014-06-12;232
2014-06-13;262
2014-06-14;280
2014-06-15;283
2014-06-16;284
2014-06-17;258
2014-06-18;237
2014-06-19;224
2014-06-20;215
2014-06-21;210
2014-06-22;205
2014-06-23;196
2014-06-24;188
2014-06-25;179
2014-06-26;166
2014-06-27;152
2014-06-28;137
2014-06-29;123
2014-06-30;114
2014-07-01;107
2014-07-02;103
2014-07-03;99
2014-07-04;96
2014-07-05;89
2014-07-06;93
2014-07-07;86
2014-07-08;80
2014-07-09;83
2014-07-10;79
2014-07-11;73
2014-07-12;66
2014-07-13;64
2014-07-14;59
2014-07-15;54
2014-07-16;51
2014-07-17;45
2014-07-18;43
2014-07-19;40
2014-07-20;37
2014-07-21;33
2014-07-22;33
2014-07-23;33
2014-07-24;35
2014-07-25;41
2014-07-26;42
2014-07-27;32
2014-07-28;31
2014-07-29;31
2014-07-30;29
2014-07-31;23
2014-08-01;17
2014-08-02;18
2014-08-03;14
2014-08-04;13
2014-08-05;11
2014-08-06;9
2014-08-07;6
2014-08-08;3
2014-08-09;-3
2014-08-10;-6
2014-08-11;-7
2014-08-12;-8
2014-08-13;-9
2014-08-14;-9
2014-08-15;-10
2014-08-16;-12
2014-08-17;-17
2014-08-18;-20
2014-08-19;-21
2014-08-20;-22
2014-08-21;-19
2014-08-22;-14
2014-08-23;3
2014-08-24;28
2014-08-25;30
2014-08-26;24
2014-08-27;17
2014-08-28;10
2014-08-29;3
2014-08-30;2
2014-08-31;-3
2014-09-01;-1
2014-09-02;5
2014-09-03;6
2014-09-04;17
2014-09-05;15
2014-09-06;12
2014-09-07;9
2014-09-08;3
2014-09-09;2
2014-09-10;1
2014-09-11;-7
2014-09-12;-9
2014-09-13;-11
2014-09-14;-10
2014-09-15;-5
2014-09-16;-5
2014-09-17;-5
2014-09-18;-4
2014-09-19;-1
2014-09-20;-2
2014-09-21;-3
2014-09-22;-4
2014-09-23;-5
2014-09-24;-5
2014-09-25;-4
2014-09-26;3
2014-09-27;16
2014-09-28;22
2014-09-29;20
2014-09-30;14
2014-10-01;11
2014-10-02;6
2014-10-03;1
2014-10-04;-2
2014-10-05;-6
2014-10-06;-14
2014-10-07;-17
2014-10-08;-18
2014-10-09;-20
2014-10-10;-21
2014-10-11;-23
2014-10-12;-25
2014-10-13;-27
2014-10-14;-29
2014-10-15;-29
2014-10-16;-32
2014-10-17;-33
2014-10-18;-35
2014-10-19;-36
2014-10-20;-40
2014-10-21;-57
2014-10-22;-71
2014-10-23;-80
2014-10-24;-75
2014-10-25;-84
2014-10-26;-84
2014-10-27;-75
2014-10-28;-75
2014-10-29;-75
2014-10-30;-77
2014-10-31;-79
2014-11-01;-81
2014-11-02;-76
2014-11-03;-66
2014-11-04;-60
2014-11-05;-60
2014-11-06;-60
2014-11-07;-65
2014-11-08;-70
2014-11-09;-66
2014-11-10;-66
2014-11-11;-66
2014-11-12;-65
2014-11-13;-65
2014-11-14;-65
2014-11-15;-64
2014-11-16;-63
2014-11-17;-62
2014-11-18;-55
2014-11-19;-29
2014-11-20;-8
2014-11-21;-7
2014-11-22;-7
2014-11-23;-5
2014-11-24;-5
2014-11-25;6
2014-11-26;14
2014-11-27;14
2014-11-28;14
2014-11-29;14
2014-11-30;14
2014-12-01;16
2014-12-02;16
2014-12-03;16
2014-12-04;16
2014-12-05;16
2014-12-06;16
2014-12-07;11
2014-12-08;11
2014-12-09;11
2014-12-10;11
2014-12-11;11
2014-12-12;8
2014-12-13;5
2014-12-14;3
2014-12-15;3
2014-12-16;3
2014-12-17;3
2014-12-18;4
2014-12-19;5
2014-12-20;5
2014-12-21;7
2014-12-22;8
2014-12-23;10
2014-12-24;12
2014-12-25;14
2014-12-26;14
2014-12-27;15
2014-12-28;15
2014-12-29;16
2014-12-30;18
2014-12-31;18
2015-01-01;18
2015-01-02;18
2015-01-03;19
2015-01-04;19
2015-01-05;20
2015-01-06;20
2015-01-07;21
2015-01-08;22
2015-01-09;23
2015-01-10;23
2015-01-11;23
2015-01-12;20
2015-01-13;20
2015-01-14;19
2015-01-15;17
2015-01-16;17
2015-01-17;16
2015-01-18;16
2015-01-19;14
2015-01-20;14
2015-01-21;14
2015-01-22;14
2015-01-23;14
2015-01-24;15
2015-01-25;15
2015-01-26;15
2015-01-27;16
2015-01-28;16
2015-01-29;17
2015-01-30;17
2015-01-31;17
2015-02-01;17
2015-02-02;17
2015-02-03;17
2015-02-04;16
2015-02-05;16
2015-02-06;14
2015-02-07;14
2015-02-08;13
2015-02-09;12
2015-02-10;12
2015-02-11;12
2015-02-12;10
2015-02-13;8
2015-02-14;7
2015-02-15;7
2015-02-16;6
2015-02-17;6
2015-02-18;6
2015-02-19;4
2015-02-20;4
2015-02-21;3
2015-02-22;3
2015-02-23;2
2015-02-24;2
2015-02-25;1
2015-02-26;1
2015-02-27;-1
2015-02-28;-2
2015-03-01;-2
2015-03-02;-2
2015-03-03;-2
2015-03-04;-2
2015-03-05;-2
2015-03-06;-2
2015-03-07;-2
2015-03-08;-2
2015-03-09;-2
2015-03-10;-2
2015-03-11;-4
2015-03-12;-6
2015-03-13;-6
2015-03-14;-6
2015-03-15;-8
2015-03-16;-12
2015-03-17;-14
2015-03-18;-14
2015-03-19;-15
2015-03-20;-15
2015-03-21;-15
2015-03-22;-15
2015-03-23;-15
2015-03-24;-15
2015-03-25;-15
2015-03-26;-15
2015-03-27;-15
2015-03-28;-15
2015-03-29;-13
2015-03-30;-13
2015-03-31;-13
2015-04-01;-13
2015-04-02;-13
2015-04-03;-13
2015-04-04;-14
2015-04-05;-14
2015-04-06;-16
2015-04-07;-17
2015-04-08;-17
2015-04-09;-17
2015-04-10;-18
2015-04-11;-18
2015-04-12;-18
2015-04-13;-17
2015-04-14;-16
2015-04-15;-15
2015-04-16;-14
2015-04-17;-9
2015-04-18;-8
2015-04-19;-7
2015-04-20;-6
2015-04-21;-2
2015-04-22;2
2015-04-23;6
2015-04-24;13
2015-04-25;21
2015-04-26;30
2015-04-27;39
2015-04-28;63
2015-04-29;119
2015-04-30;265
2015-05-01;396
2015-05-02;410
2015-05-03;394
2015-05-04;347
2015-05-05;294
2015-05-06;239
2015-05-07;174
2015-05-08;149
2015-05-09;156
2015-05-10;187
2015-05-11;230
2015-05-12;290
2015-05-13;377
2015-05-14;444
2015-05-15;417
2015-05-16;366
2015-05-17;322
2015-05-18;295
2015-05-19;282
2015-05-20;274
2015-05-21;301
2015-05-22;353
2015-05-23;387
2015-05-24;441
2015-05-25;459
2015-05-26;481
2015-05-27;501
2015-05-28;488
2015-05-29;450
2015-05-30;399
2015-05-31;343
2015-06-01;319
2015-06-02;307
2015-06-03;312
2015-06-04;336
2015-06-05;347
2015-06-06;334
2015-06-07;314
2015-06-08;293
2015-06-09;283
2015-06-10;283
2015-06-11;289
2015-06-12;289
2015-06-13;281
2015-06-14;269
2015-06-15;248
2015-06-16;228
2015-06-17;207
2015-06-18;187
2015-06-19;176
2015-06-20;167
2015-06-21;160
2015-06-22;156
2015-06-23;151
2015-06-24;150
2015-06-25;151
2015-06-26;155
2015-06-27;146
2015-06-28;144
2015-06-29;143
2015-06-30;144
2015-07-01;161
2015-07-02;182
2015-07-03;184
2015-07-04;167
2015-07-05;147
2015-07-06;134
2015-07-07;121
2015-07-08;109
2015-07-09;119
2015-07-10;142
2015-07-11;154
2015-07-12;147
2015-07-13;134
2015-07-14;122
2015-07-15;104
2015-07-16;92
2015-07-17;86
2015-07-18;79
2015-07-19;79
2015-07-20;78
2015-07-21;72
2015-07-22;65
2015-07-23;56
2015-07-24;46
2015-07-25;37
2015-07-26;32
2015-07-27;28
2015-07-28;21
2015-07-29;17
2015-07-30;14
2015-07-31;12
2015-08-01;10
2015-08-02;8
2015-08-03;7
2015-08-04;6
2015-08-05;5
2015-08-06;4
2015-08-07;3
2015-08-08;3
2015-08-09;3
2015-08-10;-3
2015-08-11;-4
2015-08-12;-5
2015-08-13;-11
2015-08-14;-12
2015-08-15;-14
2015-08-16;-15
2015-08-17;-16
2015-08-18;-18
2015-08-19;-20
2015-08-20;-22
2015-08-21;-24
2015-08-22;-23
2015-08-23;-24
2015-08-24;-27
2015-08-25;-28
2015-08-26;-29
2015-08-27;-30
2015-08-28;-31
2015-08-29;-31
2015-08-30;-29
2015-08-31;-26
2015-09-01;-27
2015-09-02;-28
2015-09-03;-28
2015-09-04;-27
2015-09-05;-26
2015-09-06;-26
2015-09-07;-27
2015-09-08;-31
2015-09-09;-33
2015-09-10;-33
2015-09-11;-32
2015-09-12;-29
2015-09-13;-26
2015-09-14;-12
2015-09-15;27
2015-09-16;36
2015-09-17;22
2015-09-18;11
2015-09-19;2
2015-09-20;-5
2015-09-21;-11
2015-09-22;-14
2015-09-23;-19
2015-09-24;-20
2015-09-25;-22
2015-09-26;-23
2015-09-27;-24
2015-09-28;-27
2015-09-29;-28
2015-09-30;-29
2015-10-01;-30
2015-10-02;-30
2015-10-03;-30
2015-10-04;-30
2015-10-05;-30
2015-10-06;-30
2015-10-07;-29
2015-10-08;-27
2015-10-09;-24
2015-10-10;-25
2015-10-11;-26
2015-10-12;-28
2015-10-13;-29
2015-10-14;-32
2015-10-15;-33
2015-10-16;-34
2015-10-17;-35
2015-10-18;-36
2015-10-19;-38
2015-10-20;-40
2015-10-21;-41
2015-10-22;-41
2015-10-23;-41
2015-10-24;-47
2015-10-25;-51
2015-10-26;-53
2015-10-27;-54
2015-10-28;-56
2015-10-29;-59
2015-10-30;-64
2015-10-31;-68
2015-11-01;-70
2015-11-02;-72
2015-11-03;-73
2015-11-04;-74
2015-11-05;-75
2015-11-06;-79
2015-11-07;-93
2015-11-08;-100
2015-11-09;-107
2015-11-10;-114
2015-11-11;-111
2015-11-12;-109
2015-11-13;-105
2015-11-14;-84
2015-11-15;-64
2015-11-16;-39
2015-11-17;-19
2015-11-18;-9
2015-11-19;2
2015-11-20;2
2015-11-21;4
2015-11-22;6
2015-11-23;6
2015-11-24;6
2015-11-25;6
2015-11-26;6
2015-11-27;6
2015-11-28;7
2015-11-29;7
2015-11-30;7
2015-12-01;8
2015-12-02;8
2015-12-03;9
2015-12-04;11
2015-12-05;13
2015-12-06;15
2015-12-07;17
2015-12-08;19
2015-12-09;21
2015-12-10;25
2015-12-11;23
2015-12-12;21
2015-12-13;20
2015-12-14;20
2015-12-15;20
2015-12-16;20
2015-12-17;20
2015-12-18;19
2015-12-19;19
2015-12-20;19
2015-12-21;19
2015-12-22;19
2015-12-23;18
2015-12-24;18
2015-12-25;18
2015-12-26;17
2015-12-27;17
2015-12-28;17
2015-12-29;17
2015-12-30;17
2015-12-31;17
2016-01-01;15
2016-01-02;14
2016-01-03;12
2016-01-04;11
2016-01-05;10
2016-01-06;10
2016-01-07;10
2016-01-08;10
2016-01-09;10
2016-01-10;10
2016-01-11;9
2016-01-12;8
2016-01-13;8
2016-01-14;8
2016-01-15;8
2016-01-16;6
2016-01-17;6
2016-01-18;6
2016-01-19;6
2016-01-20;6
2016-01-21;4
2016-01-22;3
2016-01-23;2
2016-01-24;-1
2016-01-25;-1
2016-01-26;-3
2016-01-27;-3
2016-01-28;-4
2016-01-29;-4
2016-01-30;-4
2016-01-31;-4
2016-02-01;-4
2016-02-02;-4
2016-02-03;-4
2016-02-04;-4
2016-02-05;-5
2016-02-06;-5
2016-02-07;-6
2016-02-08;-8
2016-02-09;-11
2016-02-10;-11
2016-02-11;-11
2016-02-12;-11
2016-02-13;-11
2016-02-14;-11
2016-02-15;-11
2016-02-16;-11
2016-02-17;-11
2016-02-18;-11
2016-02-19;-11
2016-02-20;-11
2016-02-21;-11
2016-02-22;-11
2016-02-23;-11
2016-02-24;-11
2016-02-25;-11
2016-02-26;-11
2016-02-27;-11
2016-02-28;-11
2016-02-29;-11
2016-03-01;-11
2016-03-02;-10
2016-03-03;-10
2016-03-04;-10
2016-03-05;-10
2016-03-06;-10
2016-03-07;-10
2016-03-08;-10
2016-03-09;-10
2016-03-10;-10
2016-03-11;-10
2016-03-12;-10
2016-03-13;-10
2016-03-14;-10
2016-03-15;-10
2016-03-16;-10
2016-03-17;-10
2016-03-18;-10
2016-03-19;-12
2016-03-20;-12
2016-03-21;-12
2016-03-22;-12
2016-03-23;-12
2016-03-24;-12
2016-03-25;-11
2016-03-26;-11
2016-03-27;-10
2016-03-28;-9
2016-03-29;-7
2016-03-30;-7
2016-03-31;-7
2016-04-01;-7
2016-04-02;-6
2016-04-03;-5
2016-04-04;-5
2016-04-05;-4
2016-04-06;-3
2016-04-07;-3
2016-04-08;-3
2016-04-09;-3
2016-04-10;-3
2016-04-11;-3
2016-04-12;-2
2016-04-13;-2
2016-04-14;-1
2016-04-16;4
2016-04-17;5
2016-04-18;6
2016-04-19;6
2016-04-20;9
2016-04-21;9
2016-04-22;10
2016-04-23;10
2016-04-24;10
2016-04-25;10
2016-04-26;10
2016-04-27;10
2016-04-28;13
2016-04-29;15
2016-04-30;22
2016-05-01;38
2016-05-02;58
2016-05-03;91
2016-05-04;134
2016-05-05;182
2016-05-06;161
2016-05-07;135
2016-05-08;107
2016-05-09;122
2016-05-10;158
2016-05-11;193
2016-05-12;214
2016-05-13;203
2016-05-14;183
2016-05-15;162
2016-05-16;152
2016-05-17;169
2016-05-18;198
2016-05-19;226
2016-05-20;239
2016-05-21;240
2016-05-22;235
2016-05-23;247
2016-05-24;284
2016-05-25;323
2016-05-26;333
2016-05-27;301
2016-05-28;266
2016-05-29;235
2016-05-30;210
2016-05-31;205
2016-06-01;223
2016-06-02;242
2016-06-03;267
2016-06-04;301
2016-06-05;320
2016-06-06;315
2016-06-07;293
2016-06-08;277
2016-06-09;269
2016-06-10;264
2016-06-11;263
2016-06-12;262
2016-06-13;258
2016-06-14;249
2016-06-15;245
2016-06-16;232
2016-06-17;212
2016-06-18;194
2016-06-19;176
2016-06-20;162
2016-06-21;147
2016-06-22;136
2016-06-23;123
2016-06-24;102
2016-06-25;91
2016-06-26;81
2016-06-27;72
2016-06-28;63
2016-06-29;58
2016-06-30;50
2016-07-01;43
2016-07-02;33
2016-07-03;25
2016-07-04;19
2016-07-05;16
2016-07-06;19
2016-07-07;24
2016-07-08;35
2016-07-09;35
2016-07-10;23
2016-07-11;18
2016-07-12;12
2016-07-13;10
2016-07-14;9
2016-07-15;15
2016-07-16;28
2016-07-17;27
2016-07-18;24
2016-07-19;17
2016-07-20;8
2016-07-21;1
2016-07-22;-6
2016-07-23;-9
2016-07-24;-16
2016-07-25;-22
2016-07-26;-26
2016-07-27;-29
2016-07-28;-31
2016-07-29;-32
2016-07-30;-35
2016-07-31;-38
2016-08-01;-38
2016-08-02;-38
2016-08-03;-32
2016-08-04;-29
2016-08-05;-26
2016-08-06;-27
2016-08-07;-29
2016-08-08;-31
2016-08-09;-33
2016-08-10;-35
2016-08-11;-35
2016-08-12;-32
2016-08-13;-29
2016-08-14;-28
2016-08-15;-26
2016-08-16;-26
2016-08-17;-27
2016-08-18;-27
2016-08-19;-28
2016-08-20;-29
2016-08-21;-27
2016-08-22;-18
2016-08-23;-12
2016-08-24;-10
2016-08-25;-10
2016-08-26;-10
2016-08-27;-8
2016-08-28;-2
2016-08-29;8
2016-08-30;16
2016-08-31;12
2016-09-01;5
2016-09-02;-2
2016-09-03;-5
2016-09-04;-13
2016-09-05;-19
2016-09-06;-24
2016-09-07;-30
2016-09-08;-34
2016-09-09;-37
2016-09-10;-40
2016-09-11;-42
2016-09-12;-44
2016-09-13;-46
2016-09-14;-47
2016-09-15;-49
2016-09-16;-51
2016-09-17;-53
2016-09-18;-55
2016-09-19;-57
2016-09-20;-58
2016-09-21;-58
2016-09-22;-58
2016-09-23;-59
2016-09-24;-60
2016-09-25;-63
2016-09-26;-64
2016-09-27;-64
2016-09-28;-64
2016-09-29;-64
2016-09-30;-66
2016-10-01;-68
2016-10-02;-65
2016-10-03;-65
2016-10-04;-65
2016-10-05;-66
2016-10-06;-69
2016-10-07;-70
2016-10-08;-71
2016-10-09;-71
2016-10-10;-71
2016-10-11;-72
2016-10-12;-74
2016-10-13;-80
2016-10-14;-84
2016-10-15;-86
2016-10-16;-89
2016-10-17;-92
2016-10-18;-91
2016-10-19;-94
2016-10-20;-98
2016-10-21;-104
2016-10-22;-105
2016-10-23;-108
2016-10-24;-113
2016-10-25;-118
2016-10-26;-116
2016-10-27;-118
2016-10-28;-119
2016-10-29;-121
2016-10-30;-121
2016-10-31;-124
2016-11-01;-130
2016-11-02;-130
2016-11-03;-130
2016-11-04;-117
2016-11-05;-105
2016-11-06;-93
2016-11-07;-82
2016-11-08;-75
2016-11-09;-63
2016-11-10;-36
2016-11-11;-20
2016-11-12;-10
2016-11-13;-6
2016-11-14;-6
2016-11-15;-6
2016-11-16;-6
2016-11-17;-7
2016-11-18;-7
2016-11-19;-7
2016-11-20;-7
2016-11-21;-7
2016-11-22;-7
2016-11-23;-7
2016-11-24;-8
2016-11-25;-8
2016-11-26;-8
2016-11-27;-8
2016-11-28;-8
2016-11-29;-8
2016-11-30;-8
2016-12-01;-5
2016-12-02;-2
2016-12-03;2
2016-12-04;2
2016-12-05;2
2016-12-06;2
2016-12-07;2
2016-12-08;3
2016-12-09;3
2016-12-10;3
2016-12-11;5
2016-12-12;5
2016-12-13;5
2016-12-14;3
2016-12-15;3
2016-12-16;3
2016-12-17;3
2016-12-18;3
2016-12-19;3
2016-12-20;3
2016-12-21;3
2016-12-22;3
2016-12-23;3
2016-12-24;3
2016-12-25;3
2016-12-26;3
2016-12-27;3
2016-12-28;3
2016-12-29;3
2016-12-30;3
2016-12-31;3
2017-01-01;3
2017-01-02;3
2017-01-03;3
2017-01-04;3
2017-01-05;1
2017-01-06;1
2017-01-07;-2
2017-01-08;-2
2017-01-09;-2
2017-01-10;-2
2017-01-11;-2
2017-01-12;-3
2017-01-13;-3
2017-01-14;-4
2017-01-15;-4
2017-01-16;-4
2017-01-17;-5
2017-01-18;-5
2017-01-19;-7
2017-01-20;-7
2017-01-21;-10
2017-01-22;-12
2017-01-23;-14
2017-01-24;-14
2017-01-25;-16
2017-01-26;-19
2017-01-27;-21
2017-01-28;-21
2017-01-29;-22
2017-01-30;-23
2017-01-31;-23
2017-02-01;-23
2017-02-02;-23
2017-02-03;-24
2017-02-04;-24
2017-02-05;-25
2017-02-06;-26
2017-02-07;-28
2017-02-08;-28
2017-02-09;-28
2017-02-10;-28
2017-02-11;-30
2017-02-12;-31
2017-02-13;-33
2017-02-14;-33
2017-02-15;-33
2017-02-16;-34
2017-02-17;-34
2017-02-18;-35
2017-02-19;-35
2017-02-20;-36
2017-02-21;-36
2017-02-22;-37
2017-02-23;-38
2017-02-24;-39
2017-02-25;-40
2017-02-26;-42
2017-02-27;-45
2017-02-28;-45
2017-03-01;-45
2017-03-02;-45
2017-03-03;-42
2017-03-04;-42
2017-03-05;-42
2017-03-06;-42
2017-03-07;-42
2017-03-08;-42
2017-03-09;-42
2017-03-10;-42
2017-03-11;-42
2017-03-12;-42
2017-03-13;-42
2017-03-14;-41
2017-03-15;-41
2017-03-16;-41
2017-03-17;-41
2017-03-18;-40
2017-03-19;-40
2017-03-20;-40
2017-03-21;-40
2017-03-22;-40
2017-03-23;-40
2017-03-24;-40
2017-03-25;-39
2017-03-26;-38
2017-03-27;-38
2017-03-28;-37
2017-03-29;-37
2017-03-30;-37
2017-03-31;-37
2017-04-01;-34
2017-04-02;-34
2017-04-03;-34
2017-04-04;-34
2017-04-05;-35
2017-04-06;-35
2017-04-07;-37
2017-04-08;-37
2017-04-09;-38
2017-04-10;-39
2017-04-11;-39
2017-04-12;-39
2017-04-13;-39
2017-04-14;-37
2017-04-15;-38
2017-04-16;-38
2017-04-17;-39
2017-04-18;-40
2017-04-19;-37
2017-04-20;-28
2017-04-21;-24
2017-04-22;-28
2017-04-23;-26
2017-04-24;-29
2017-04-25;-26
2017-04-26;-19
2017-04-27;-10
2017-04-28;-1
2017-04-29;15
2017-04-30;33
2017-05-01;37
2017-05-02;60
2017-05-03;87
2017-05-04;95
2017-05-05;92
2017-05-06;83
2017-05-07;73
2017-05-08;64
2017-05-09;61
2017-05-10;70
2017-05-11;87
2017-05-12;110
2017-05-13;121
2017-05-14;123
2017-05-15;127
2017-05-16;145
2017-05-17;174
2017-05-18;218
2017-05-19;252
2017-05-20;245
2017-05-21;212
2017-05-22;182
2017-05-23;164
2017-05-24;155
2017-05-25;167
2017-05-26;225
2017-05-27;259
2017-05-28;287
2017-05-29;276
2017-05-30;242
2017-05-31;200
2017-06-01;168
2017-06-02;159
2017-06-03;165
2017-06-04;180
2017-06-05;189
2017-06-06;194
2017-06-07;186
2017-06-08;177
2017-06-09;167
2017-06-10;161
2017-06-11;161
2017-06-12;177
2017-06-13;194
2017-06-14;204
2017-06-15;206
2017-06-16;196
2017-06-17;171
2017-06-18;148
2017-06-19;128
2017-06-20;116
2017-06-21;106
2017-06-22;97
2017-06-23;91
2017-06-24;82
2017-06-25;75
2017-06-26;66
2017-06-27;57
2017-06-28;44
2017-06-29;37
2017-06-30;32
2017-07-01;27
2017-07-02;23
2017-07-03;18
2017-07-04;13
2017-07-05;14
2017-07-06;30
2017-07-07;48
2017-07-08;56
2017-07-09;47
2017-07-10;34
2017-07-11;24
2017-07-12;16
2017-07-13;12
2017-07-14;9
2017-07-15;7
2017-07-16;5
2017-07-17;4
2017-07-18;8
2017-07-19;9
2017-07-20;8
2017-07-21;4
2017-07-22;1
2017-07-23;-1
2017-07-24;-3
2017-07-25;-6
2017-07-26;-11
2017-07-27;-15
2017-07-28;-17
2017-07-29;-19
2017-07-30;-20
2017-07-31;-19
2017-08-01;-24
2017-08-02;-24
2017-08-03;-20
2017-08-04;-15
2017-08-05;-19
2017-08-06;-23
2017-08-07;-27
2017-08-08;-29
2017-08-09;-30
2017-08-10;-31
2017-08-11;-32
2017-08-12;-33
2017-08-13;-35
2017-08-14;-37
2017-08-15;-39
2017-08-16;-38
2017-08-17;-37
2017-08-18;-35
2017-08-19;-31
2017-08-20;-30
2017-08-21;-32
2017-08-22;-34
2017-08-23;-34
2017-08-24;-33
2017-08-25;-35
2017-08-26;-36
2017-08-27;-34
2017-08-28;-29
2017-08-29;-26
2017-08-30;-26
2017-08-31;-28
2017-09-01;-30
2017-09-02;-31
2017-09-03;-29
2017-09-04;-29
2017-09-05;-30
2017-09-06;-26
2017-09-07;-15
2017-09-08;-6
2017-09-09;18
2017-09-10;12
2017-09-11;7
2017-09-12;3
2017-09-13;-4
2017-09-14;-10
2017-09-15;-16
2017-09-16;-20
2017-09-17;-20
2017-09-18;-8
2017-09-19;49
2017-09-20;57
2017-09-21;60
2017-09-22;49
2017-09-23;36
2017-09-24;26
2017-09-25;17
2017-09-26;10
2017-09-27;4
2017-09-28;-3
2017-09-29;-6
2017-09-30;-9
2017-10-01;-17
2017-10-02;-21
2017-10-03;-23
2017-10-04;-26
2017-10-05;-28
2017-10-06;-30
2017-10-07;-32
2017-10-08;-34
2017-10-09;-36
2017-10-10;-39
2017-10-11;-41
2017-10-12;-43
2017-10-13;-44
2017-10-14;-46
2017-10-15;-47
2017-10-16;-49
2017-10-17;-51
2017-10-18;-53
2017-10-19;-54
2017-10-20;-59
2017-10-21;-71
2017-10-22;-81
2017-10-23;-78
2017-10-24;-72
2017-10-25;-64
2017-10-26;-69
2017-10-27;-82
2017-10-28;-81
2017-10-29;-80
2017-10-30;-77
2017-10-31;-79
2017-11-01;-80
2017-11-02;-89
2017-11-03;-92
2017-11-04;-93
2017-11-05;-93
2017-11-06;-93
2017-11-07;-94
2017-11-08;-94
2017-11-09;-87
2017-11-10;-87
2017-11-11;-90
2017-11-12;-99
2017-11-13;-104
2017-11-14;-114
2017-11-15;-119
2017-11-16;-111
2017-11-17;-94
2017-11-18;-78
2017-11-19;-69
2017-11-20;-66
2017-11-21;-52
2017-11-22;-43
2017-11-23;-32
2017-11-24;-22
2017-11-25;-15
2017-11-26;-11
2017-11-27;-4
2017-11-28;2
2017-11-29;6
2017-11-30;9
2017-12-01;18
2017-12-02;20
2017-12-03;23
2017-12-04;24
2017-12-05;29
2017-12-06;29
2017-12-07;30
2017-12-08;30
2017-12-09;31
2017-12-10;31
2017-12-11;31
2017-12-12;31
2017-12-13;32
2017-12-14;33
2017-12-15;33
2017-12-16;33
2017-12-17;33
2017-12-18;33
2017-12-19;30
2017-12-20;30
2017-12-21;30
2017-12-22;30
2017-12-23;30
2017-12-24;30
2017-12-25;30
2017-12-26;30
2017-12-27;28
2017-12-28;26
2017-12-29;24
2017-12-30;24
2017-12-31;24
2018-01-01;24
2018-01-02;24
2018-01-03;24
2018-01-04;24
2018-01-05;24
2018-01-06;23
2018-01-07;23
2018-01-08;23
2018-01-09;23
2018-01-10;23
2018-01-11;23
2018-01-12;23
2018-01-13;23
2018-01-14;21
2018-01-15;21
2018-01-16;21
2018-01-17;21
2018-01-18;21
2018-01-19;21
2018-01-20;21
2018-01-21;19
2018-01-22;19
2018-01-23;19
2018-01-24;19
2018-01-25;19
2018-01-26;19
2018-01-27;19
2018-01-28;19
2018-01-29;19
2018-01-30;15
2018-01-31;15
2018-02-01;15
2018-02-02;14
2018-02-03;14
2018-02-04;12
2018-02-05;12
2018-02-06;12
2018-02-07;12
2018-02-08;12
2018-02-09;12
2018-02-10;12
2018-02-11;12
2018-02-12;11
2018-02-13;11
2018-02-14;11
2018-02-15;13
2018-02-16;14
2018-02-17;16
2018-02-18;16
2018-02-19;16
2018-02-20;16
2018-02-21;4
2018-02-22;4
2018-02-23;4
2018-02-24;2
2018-02-25;2
2018-02-26;2
2018-02-27;2
2018-02-28;2
2018-03-01;2
2018-03-02;1
2018-03-03;-2
2018-03-04;-2
2018-03-05;-2
2018-03-06;-4
2018-03-07;-4
2018-03-08;-4
2018-03-09;-6
2018-03-10;-6
2018-03-11;-6
2018-03-12;-9
2018-03-13;-9
2018-03-14;-9
2018-03-15;-10
2018-03-16;-10
2018-03-17;-12
2018-03-18;-14
2018-03-19;-14
2018-03-20;-16
2018-03-21;-16
2018-03-22;-16
2018-03-23;-14
2018-03-24;-14
2018-03-25;-14
2018-03-26;-11
2018-03-27;-11
2018-03-28;-11
2018-03-29;-11
2018-03-30;-11
2018-03-31;-11
2018-04-01;-11
2018-04-02;-11
2018-04-03;-11
2018-04-04;-11
2018-04-05;-11
2018-04-06;-11
2018-04-07;-11
2018-04-08;-11
2018-04-09;-11
2018-04-10;-11
2018-04-11;-11
2018-04-12;-11
2018-04-13;-10
2018-04-14;-9
2018-04-15;-8
2018-04-16;-7
2018-04-17;-7
2018-04-18;-7
2018-04-19;-8
2018-04-20;-9
2018-04-21;-8
2018-04-22;-8
2018-04-23;-7
2018-04-24;-2
2018-04-25;1
2018-04-26;7
2018-04-27;21
2018-04-28;60
2018-04-29;159
2018-04-30;289
2018-05-01;284
2018-05-02;273
2018-05-03;265
2018-05-04;298
2018-05-05;337
2018-05-06;346
2018-05-07;333
2018-05-08;312
2018-05-09;285
2018-05-10;262
2018-05-11;248
2018-05-12;233
2018-05-13;216
2018-05-14;200
2018-05-15;191
2018-05-16;187
2018-05-17;192
2018-05-18;202
2018-05-19;215
2018-05-20;220
2018-05-21;216
2018-05-22;204
2018-05-23;191
2018-05-24;183
2018-05-25;186
2018-05-26;203
2018-05-27;229
2018-05-28;270
2018-05-29;333
2018-05-30;379
2018-05-31;411
2018-06-01;434
2018-06-02;441
2018-06-03;449
2018-06-04;439
2018-06-05;408
2018-06-06;354
2018-06-07;319
2018-06-08;294
2018-06-09;283
2018-06-10;279
2018-06-11;279
2018-06-12;278
2018-06-13;273
2018-06-14;264
2018-06-15;255
2018-06-16;254
2018-06-17;240
2018-06-18;215
2018-06-19;200
2018-06-20;183
2018-06-21;171
2018-06-22;164
2018-06-23;155
2018-06-24;147
2018-06-25;141
2018-06-26;133
2018-06-27;129
2018-06-28;120
2018-06-29;113
2018-06-30;104
2018-07-01;96
2018-07-02;89
2018-07-03;86
2018-07-04;83
2018-07-05;80
2018-07-06;77
2018-07-07;80
2018-07-08;89
2018-07-09;95
2018-07-10;103
2018-07-11;108
2018-07-12;111
2018-07-13;107
2018-07-14;109
2018-07-15;112
2018-07-16;103
2018-07-17;93
2018-07-18;84
2018-07-19;79
2018-07-20;73
2018-07-21;66
2018-07-22;66
2018-07-23;68
2018-07-24;76
2018-07-25;85
2018-07-26;84
2018-07-27;87
2018-07-28;91
2018-07-29;103
2018-07-30;118
2018-07-31;120
2018-08-01;123
2018-08-02;125
2018-08-03;124
2018-08-04;117
2018-08-05;109
2018-08-06;102
2018-08-07;93
2018-08-08;84
2018-08-09;77
2018-08-10;70
2018-08-11;65
2018-08-12;62
2018-08-13;52
2018-08-14;48
2018-08-15;42
2018-08-16;38
2018-08-17;34
2018-08-18;32
2018-08-19;37
2018-08-20;54
2018-08-21;90
2018-08-22;92
2018-08-23;82
2018-08-24;71
2018-08-25;65
2018-08-26;63
2018-08-27;63
2018-08-28;56
2018-08-29;53
2018-08-30;50
2018-08-31;45
2018-09-01;41
2018-09-02;38
2018-09-03;37
2018-09-04;38
2018-09-05;36
2018-09-06;33
2018-09-07;30
2018-09-08;32
2018-09-09;34
2018-09-10;34
2018-09-11;33
2018-09-12;30
2018-09-13;26
2018-09-14;23
2018-09-15;25
2018-09-16;29
2018-09-17;35
2018-09-18;49
2018-09-19;70
2018-09-20;89
2018-09-21;95
2018-09-22;93
2018-09-23;84
2018-09-24;78
2018-09-25;72
2018-09-26;65
2018-09-27;55
2018-09-28;52
2018-09-29;50
2018-09-30;48
2018-10-01;46
2018-10-02;44
2018-10-03;42
2018-10-04;39
2018-10-05;37
2018-10-06;35
2018-10-07;33
2018-10-08;30
2018-10-09;27
2018-10-10;23
2018-10-11;22
2018-10-12;19
2018-10-13;17
2018-10-14;15
2018-10-15;13
2018-10-16;11
2018-10-17;8
2018-10-18;6
2018-10-19;4
2018-10-20;2
2018-10-21;1
2018-10-22;-2
2018-10-23;-5
2018-10-24;-7
2018-10-25;-8
2018-10-26;-8
2018-10-27;-9
2018-10-28;-9
2018-10-29;-10
2018-10-30;-12
2018-10-31;-14
2018-11-01;-15
2018-11-02;-12
2018-11-03;-13
2018-11-04;-23
2018-11-05;-19
2018-11-06;-65
2018-11-07;-83
2018-11-08;-88
2018-11-09;-88
2018-11-10;-85
2018-11-11;-76
2018-11-12;-82
2018-11-13;-86
2018-11-14;-92
2018-11-15;-91
2018-11-16;-78
2018-11-17;-56
2018-11-18;-42
2018-11-19;-36
2018-11-20;-34
2018-11-21;-27
2018-11-22;-23
2018-11-23;-19
2018-11-24;-10
2018-11-25;1
2018-11-26;8
2018-11-27;11
2018-11-28;18
2018-11-29;18
2018-11-30;18
2018-12-01;21
2018-12-02;26
2018-12-03;30
2018-12-04;38
2018-12-05;41
2018-12-06;41
2018-12-07;41
2018-12-08;41
2018-12-09;41
2018-12-10;41
2018-12-11;41
2018-12-12;41
2018-12-13;41
2018-12-14;41
2018-12-15;41
2018-12-16;41
2018-12-17;41
2018-12-18;39
2018-12-19;39
2018-12-20;39
2018-12-21;43
2018-12-22;47
2018-12-23;52
2018-12-24;52
2018-12-25;52
2018-12-26;52
2018-12-27;48
2018-12-28;48
2018-12-29;48
2018-12-30;48
2018-12-31;48
2019-01-01;48
2019-01-02;48
2019-01-03;48
2019-01-04;48
2019-01-05;48
2019-01-06;48
2019-01-07;48
2019-01-08;48
2019-01-09;48
2019-01-10;48
2019-01-11;46
2019-01-12;43
2019-01-13;40
2019-01-14;37
2019-01-15;33
2019-01-16;31
2019-01-17;28
2019-01-18;28
2019-01-19;28
2019-01-20;28
2019-01-21;28
2019-01-22;28
2019-01-23;26
2019-01-24;26
2019-01-25;23
2019-01-26;23
2019-01-27;23
2019-01-28;23
2019-01-29;23
2019-01-30;20
2019-01-31;20
2019-02-01;20
2019-02-02;20
2019-02-03;20
2019-02-04;20
2019-02-05;20
2019-02-06;20
2019-02-07;20
2019-02-08;20
2019-02-09;20
2019-02-10;20
2019-02-11;20
2019-02-12;20
2019-02-13;16
2019-02-14;13
2019-02-15;10
2019-02-16;8
2019-02-17;6
2019-02-18;6
2019-02-19;6
2019-02-20;6
2019-02-21;-1
2019-02-22;-1
2019-02-23;-1
2019-02-24;-1
2019-02-25;-1
2019-02-26;-1
2019-02-27;-1
2019-02-28;-1
2019-03-01;-1
2019-03-02;-1
2019-03-03;-3
2019-03-04;-3
2019-03-05;-3
2019-03-06;-3
2019-03-07;-3
2019-03-08;-5
2019-03-09;-5
2019-03-10;-5
2019-03-11;-5
2019-03-12;-5
2019-03-13;-5
2019-03-14;-5
2019-03-15;-5
2019-03-16;-5
2019-03-17;-5
2019-03-18;-5
2019-03-19;-5
2019-03-20;-5
2019-03-21;-5
2019-03-22;-7
2019-03-23;-9
2019-03-24;-12
2019-03-25;-12
2019-03-26;-12
2019-03-27;-12
2019-03-28;-12
2019-03-29;-12
2019-03-30;-12
2019-03-31;-12
2019-04-01;-12
2019-04-02;-11
2019-04-03;-10
2019-04-04;-10
2019-04-05;-10
2019-04-06;-9
2019-04-07;-7
2019-04-08;-6
2019-04-09;-5
2019-04-10;-6
2019-04-11;-3
2019-04-12;-3
2019-04-13;-2
2019-04-14;-3
2019-04-15;-1
2019-04-16;-1
2019-04-17;1
2019-04-18;3
2019-04-19;1
2019-04-20;1
2019-04-21;1
2019-04-22;0
2019-04-23;4
2019-04-24;6
2019-04-25;0
2019-04-26;0
2019-04-27;0
2019-04-28;-1
2019-04-29;1
2019-04-30;3
2019-05-01;8
2019-05-02;21
2019-05-03;37
2019-05-04;50
2019-05-05;146
2019-05-06;238
2019-05-07;230
2019-05-08;212
2019-05-09;229
2019-05-10;242
2019-05-11;267
2019-05-12;266
2019-05-13;240
2019-05-14;221
2019-05-15;210
2019-05-16;201
2019-05-17;187
2019-05-18;177
2019-05-19;158
2019-05-20;140
2019-05-21;131
2019-05-22;131
2019-05-23;154
2019-05-24;178
2019-05-25;195
2019-05-26;206
2019-05-27;201
2019-05-28;200
2019-05-29;207
2019-05-30;206
2019-05-31;199
2019-06-01;200
2019-06-02;205
2019-06-03;230
2019-06-04;247
2019-06-05;249
2019-06-06;245
2019-06-07;242
2019-06-08;242
2019-06-09;245
2019-06-10;260
2019-06-11;283
2019-06-12;311
2019-06-13;335
2019-06-14;351
2019-06-15;357
2019-06-16;349
2019-06-17;335
2019-06-18;309
2019-06-19;294
2019-06-20;278
2019-06-21;262
2019-06-22;230
2019-06-23;203
2019-06-24;188
2019-06-25;175
2019-06-26;162
2019-06-27;149
2019-06-28;138
2019-06-29;125
2019-06-30;113
2019-07-01;106
2019-07-02;96
2019-07-03;88
2019-07-04;84
2019-07-05;81
2019-07-06;77
2019-07-07;67
2019-07-08;56
2019-07-09;47
2019-07-10;42
2019-07-11;36
2019-07-12;31
2019-07-13;26
2019-07-14;22
2019-07-15;17
2019-07-16;13
2019-07-17;10
2019-07-18;7
2019-07-19;3
2019-07-20;4
2019-07-21;4
2019-07-22;6
2019-07-23;12
2019-07-24;14
2019-07-25;13
2019-07-26;10
2019-07-27;5
2019-07-28;1
2019-07-29;-3
2019-07-30;-6
2019-07-31;-10
2019-08-01;-12
2019-08-02;-13
2019-08-03;-13
2019-08-04;-10
2019-08-05;-11
2019-08-06;-13
2019-08-07;-14
2019-08-08;-16
2019-08-09;-20
2019-08-10;-21
2019-08-11;-23
2019-08-12;-25
2019-08-13;-28
2019-08-14;-31
2019-08-15;-31
2019-08-16;-30
2019-08-17;-29
2019-08-18;-29
2019-08-19;-29
2019-08-20;-29
2019-08-21;-29
2019-08-22;-30
2019-08-23;-31
2019-08-24;-32
2019-08-25;-32
2019-08-26;-31
2019-08-27;-24
2019-08-28;-16
2019-08-29;-10
2019-08-30;-5
2019-08-31;-5
2019-09-01;-11
2019-09-02;-15
2019-09-03;-19
2019-09-04;-22
2019-09-05;-23
2019-09-06;-24
2019-09-07;-24
2019-09-08;-24
2019-09-09;-25
2019-09-10;-25
2019-09-11;-25
2019-09-12;-25
2019-09-13;-26
2019-09-14;-22
2019-09-15;-21
2019-09-16;-16
2019-09-17;-13
2019-09-18;-10
2019-09-19;-10
2019-09-20;-6
2019-09-21;28
2019-09-22;51
2019-09-23;73
2019-09-24;84
2019-09-25;73
2019-09-26;57
2019-09-27;41
2019-09-28;31
2019-09-29;22
2019-09-30;16
2019-10-01;12
2019-10-02;10
2019-10-03;8
2019-10-04;6
2019-10-05;3
2019-10-06;0
2019-10-07;-1
2019-10-08;-1
2019-10-09;2
2019-10-10;5
2019-10-11;9
2019-10-12;10
2019-10-13;7
2019-10-14;5
2019-10-15;2
2019-10-16;-3
2019-10-17;-6
2019-10-18;-9
2019-10-19;-11
2019-10-20;-12
2019-10-21;-12
2019-10-22;-13
2019-10-23;-15
2019-10-24;-18
2019-10-25;-21
2019-10-26;-24
2019-10-27;-28
2019-10-28;-45
2019-10-29;-42
2019-10-30;-24
2019-10-31;-36
2019-11-01;-64
2019-11-02;-58
2019-11-03;-63
2019-11-04;-50
2019-11-05;-45
2019-11-06;-47
2019-11-07;-61
2019-11-08;-61
2019-11-09;-60
2019-11-10;-58
2019-11-11;-60
2019-11-12;-74
2019-11-13;-89
2019-11-14;-95
2019-11-15;-104
2019-11-16;-110
2019-11-17;-114
2019-11-18;-105
2019-11-19;-101
2019-11-20;-95
2019-11-21;-87
2019-11-22;-87
2019-11-23;-58
2019-11-24;-47
2019-11-25;-35
2019-11-26;-27
2019-11-27;-15
2019-11-28;-10
2019-11-29;-3
2019-11-30;-3
2019-12-01;6
2019-12-02;11
2019-12-03;16
2019-12-04;18
2019-12-05;20
2019-12-06;20
2019-12-07;22
2019-12-08;22
2019-12-09;20
2019-12-10;20
2019-12-11;19
2019-12-12;19
2019-12-13;19
2019-12-14;19
2019-12-15;19
2019-12-16;19
2019-12-17;19
2019-12-18;23
2019-12-19;23
2019-12-20;23
2019-12-21;25
2019-12-22;26
2019-12-23;27
2019-12-24;29
2019-12-25;29
2019-12-26;29
2019-12-27;29
2019-12-28;29
2019-12-29;29
2019-12-30;28
2019-12-31;28
2020-01-10;26
2020-01-20;34
2020-01-31;31
2020-02-10;21
2020-02-20;11
2020-03-10;4
2020-03-20;4
2020-03-31;1
2020-04-01;1
2020-04-02;1
2020-04-03;1
2020-04-04;1
2020-04-05;1
2020-04-06;1
2020-04-07;8
2020-04-08;11
2020-04-09;14
2020-04-10;15
2020-04-11;19
2020-04-12;21
2020-04-13;27
2020-04-14;30
2020-04-15;33
2020-04-16;40
2020-04-17;54
2020-04-18;54
2020-04-19;70
2020-04-20;93
2020-04-21;113
2020-04-22;161
2020-04-23;251
2020-04-24;171
2020-04-25;121
2020-04-26;108
2020-04-27;110
2020-04-28;137
2020-04-29;197
2020-04-30;250
2020-05-01;289
2020-05-02;371
2020-05-03;442
2020-05-04;442
2020-05-05;423
2020-05-06;355
2020-05-07;325
2020-05-08;305
2020-05-09;290
2020-05-10;273
2020-05-11;258
2020-05-12;270
2020-05-13;262
2020-05-14;246
2020-05-15;235
2020-05-16;220
2020-05-17;198
2020-05-18;175
2020-05-19;164
2020-05-20;160
2020-05-21;171
2020-05-23;221
2020-05-24;241
2020-05-25;263
2020-05-26;283
2020-05-27;300
2020-05-28;319
2020-05-29;349
2020-05-30;375
2020-05-31;358
2020-06-01;310
2020-06-02;251
2020-06-03;237
2020-06-04;239
2020-06-05;246
2020-06-06;258
2020-06-07;267
2020-06-08;271
2020-06-09;290
2020-06-10;344
2020-06-11;430
2020-06-12;410
2020-06-13;375
2020-06-14;341
2020-06-15;312
2020-06-16;285
2020-06-17;295
2020-06-18;292
2020-06-19;281
2020-06-20;260
2020-06-21;233
2020-06-22;211
2020-06-23;198
2020-06-24;188
2020-06-25;180
2020-06-26;169
2020-06-27;158
2020-06-28;147
2020-06-29;138
2020-06-30;131
2020-07-01;130
2020-07-02;121
2020-07-03;111
2020-07-04;105
2020-07-05;96
2020-07-06;89
2020-07-07;80
2020-07-08;66
2020-07-09;55
2020-07-10;52
2020-07-11;63
2020-07-12;65
2020-07-13;60
2020-07-14;58
2020-07-15;62
2020-07-16;58
2020-07-17;57
2020-07-18;88
2020-07-19;95
2020-07-20;88
2020-07-21;82
2020-07-22;75
2020-07-23;67
2020-07-24;58
2020-07-25;53
2020-07-26;51
2020-07-27;49
2020-07-28;44
2020-07-29;36
2020-07-30;32
2020-07-31;28
2020-08-01;23
2020-08-02;22
2020-08-03;18
2020-08-04;13
2020-08-05;16
2020-08-06;21
2020-08-08;22
2020-08-09;20
2020-08-10;17
2020-08-11;16
2020-08-12;18
2020-08-13;24
2020-08-14;27
2020-08-15;32
2020-08-16;35
2020-08-17;31
2020-08-18;27
2020-08-19;24
2020-08-20;19
2020-08-21;15
2020-08-22;11
2020-08-23;11
2020-08-24;9
2020-08-25;5
2020-08-26;4
2020-08-27;3
2020-08-28;-1
2020-08-29;-2
2020-08-30;-2
2020-08-31;-3
2020-09-01;1
2020-09-02;3
2020-09-03;1
2020-09-04;1
2020-09-05;1
2020-09-06;2
2020-09-07;1
2020-09-08;-1
2020-09-09;-3
2020-09-10;-3
2020-09-11;1
2020-09-12;5
2020-09-13;4
2020-09-14;8
2020-09-15;9
2020-09-16;14
2020-09-17;23
2020-09-18;49
2020-09-19;74
2020-09-20;84
2020-09-21;95
2020-09-22;104
2020-09-23;112
2020-09-24;110
2020-09-25;108
2020-09-26;98
2020-09-27;89
2020-09-28;79
2020-09-29;74
2020-09-30;70
2020-10-01;66
2020-10-02;64
2020-10-03;61
2020-10-04;59
2020-10-05;56
2020-10-06;51
2020-10-07;46
2020-10-08;41
2020-10-09;37
2020-10-10;33
2020-10-11;30
2020-10-12;26
2020-10-16;12
2020-10-17;10
2020-10-18;9
2020-10-19;9
2020-10-20;9
2020-10-21;9
2020-10-22;10
2020-10-23;9
2020-10-24;8
2020-10-25;6
2020-10-26;6
2020-10-27;6
2020-10-28;1
2020-10-29;-5
2020-10-30;-5
2020-10-31;-6
2020-11-01;-9
2020-11-03;-25
2020-11-05;-48
2020-11-06;-60
2020-11-07;-66
2020-11-08;-86
2020-11-10;-70
2020-11-20;-55
2020-11-30;-30
2020-12-10;87
2020-12-31;54
2021-01-20;21
2021-01-31;4
2021-02-01;4
2021-02-10;-6
2021-02-20;-9
2021-02-28;-7
2021-03-01;-7
2021-03-10;-2
2021-03-31;6
2021-04-01;6
2021-04-02;6
2021-04-03;6
2021-04-04;6
2021-04-05;7
2021-04-06;8
2021-04-07;8
2021-04-08;9
2021-04-09;11
2021-04-10;15
2021-04-11;13
2021-04-12;13
2021-04-13;17
2021-04-14;18
2021-04-15;19
2021-04-16;19
2021-04-17;20
2021-04-18;20
2021-04-19;21
2021-04-20;22
2021-04-21;21
2021-04-22;24
2021-04-23;25
2021-04-24;28
2021-04-25;28
2021-04-26;30
2021-04-27;29
2021-04-28;29
2021-04-29;25
2021-04-30;28
2021-05-01;19
2021-05-02;21
2021-05-03;25
2021-05-04;30
2021-05-05;34
2021-05-06;50
2021-05-07;72
2021-05-08;73
2021-05-09;127
2021-05-10;160
2021-05-11;191
2021-05-12;188
2021-05-13;220
2021-05-14;255
2021-05-15;276
2021-05-16;278
2021-05-17;281
2021-05-18;287
2021-05-19;289
2021-05-20;288
2021-05-21;278
2021-05-22;265
2021-05-23;251
2021-05-24;235
2021-05-25;216
2021-05-26;203
2021-05-27;196
2021-05-28;200
2021-05-29;212
2021-05-30;222
2021-05-31;222
2021-06-01;214
2021-06-02;202
2021-06-03;210
2021-06-04;236
2021-06-05;268
2021-06-06;300
2021-06-07;323
2021-06-08;341
2021-06-09;347
2021-06-10;333
2021-06-11;318
2021-06-12;317
2021-06-13;314
2021-06-14;301
2021-06-15;288
2021-06-16;278
2021-06-17;270
2021-06-18;268
2021-06-19;268
2021-06-20;278
2021-06-21;301
2021-06-22;320
2021-06-23;328
2021-06-24;313
2021-06-25;293
2021-06-27;263
2021-06-28;238
2021-06-29;226
2021-06-30;206
2021-07-01;197
2021-07-02;203
2021-07-03;204
2021-07-04;213
2021-07-05;215
2021-07-06;202
2021-07-07;196
2021-07-08;205
2021-07-09;205
2021-07-10;195
2021-07-11;185
2021-07-12;168
2021-07-13;152
2021-07-14;138
2021-07-15;126
2021-07-16;118
2021-07-17;110
2021-07-18;108
2021-07-19;100
2021-07-20;98
2021-07-21;109
2021-07-22;108
2021-07-23;102
2021-07-24;102
2021-07-25;91
2021-07-26;87
2021-07-27;82
2021-07-28;78
2021-07-29;72
2021-07-30;66
2021-07-31;60
2021-08-01;55
2021-08-02;49
2021-08-03;46
2021-08-04;43
2021-08-05;40
2021-08-06;39
2021-08-07;39
2021-08-08;41
2021-08-09;41
2021-08-10;38
2021-08-11;34
2021-08-12;30
2021-08-13;26
2021-08-14;23
2021-08-15;21
2021-08-16;19
2021-08-17;21
2021-08-18;22
2021-08-19;25
2021-08-20;28
2021-08-21;30
2021-08-22;29
2021-08-23;23
2021-08-24;20
2021-08-25;17
2021-08-26;14
2021-08-27;12
2021-08-28;9
2021-08-29;7
2021-08-30;5
2021-08-31;3
2021-09-01;0
2021-09-02;-2
2021-09-03;-4
2021-09-04;-4
2021-09-05;-6
2021-09-06;-5
2021-09-07;-6
2021-09-08;-6
2021-09-09;-7
2021-09-10;-9
2021-09-11;-10
2021-09-12;-8
2021-09-13;-9
2021-09-14;-9
2021-09-15;-13
2021-09-16;-13
2021-09-17;-12
2021-09-18;-12
2021-09-19;-12
2021-09-20;-13
2021-09-21;-13
2021-09-22;-13
2021-09-23;-14
2021-09-24;-14
2021-09-25;-14
2021-09-27;-13
2021-09-28;-13
2021-09-29;-13
2021-09-30;-13
2021-10-01;-15
2021-10-02;-15
2021-10-03;-17
2021-10-04;-20
2021-10-05;-21
2021-10-06;-22
2021-10-07;-23
2021-10-08;-24
2021-10-09;-25
2021-10-10;-25
2021-10-11;-27
2021-10-12;-28
2021-10-13;-29
2021-10-14;-30
2021-10-15;-32
2021-10-16;-34
2021-10-17;-36
2021-10-18;-39
2021-10-19;-41
2021-10-20;-39
2021-10-21;-40
2021-10-22;-41
2021-10-23;-41
2021-10-24;-44
2021-10-25;-45
2021-10-26;-41
2021-10-27;-42
2021-10-28;-41
2021-10-29;-40
2021-10-30;-42
2021-10-31;-44
2021-11-01;-47
2021-11-02;-49
2021-11-03;-54
2021-11-04;-65
2021-11-05;-99
2021-11-06;-118
2021-11-07;-128
2021-11-10;-118
2021-11-20;-175
2021-11-30;-6
2021-12-10;28
2021-12-20;42
2021-12-31;32
2022-01-10;20
2022-01-20;10
2022-01-31;2
2022-02-10;-7
2022-02-28;-18
2022-03-10;-18
2022-03-31;-14
2022-04-01;-14
2022-04-02;-14
2022-04-03;-12
2022-04-04;-11
2022-04-05;-11
2022-04-06;-11
2022-04-07;-11
2022-04-08;-9
2022-04-09;-8
2022-04-10;-7
2022-04-11;-7
2022-04-12;-7
2022-04-13;-6
2022-04-14;-5
2022-04-16;-3
2022-04-17;-3
2022-04-18;-3
2022-04-19;-3
2022-04-20;-1
2022-04-21;-1
2022-04-22;-1
2022-04-23;-1
2022-04-24;7
2022-04-25;7
2022-04-26;9
2022-04-27;3
2022-04-28;9
2022-04-29;17
2022-04-30;23
2022-05-01;6
2022-05-02;18
2022-05-03;23
2022-05-04;182
2022-05-05;206
2022-05-06;215
2022-05-07;215
2022-05-08;222
2022-05-09;232
2022-05-10;249
2022-05-11;255
2022-05-12;240
2022-05-13;215
2022-05-14;194
2022-05-15;194
2022-05-16;213
2022-05-17;235
2022-05-18;258
2022-05-19;287
2022-05-20;323
2022-05-21;355
2022-05-22;375
2022-05-23;375
2022-05-24;373
2022-05-25;371
2022-05-26;368
2022-05-27;376
2022-05-28;383
2022-05-29;376
2022-05-30;333
2022-05-31;288
2022-06-01;258
2022-06-02;246
2022-06-03;254
2022-06-04;260
2022-06-05;627
2022-06-06;271
2022-06-07;270
2022-06-08;274
2022-06-09;280
2022-06-10;270
2022-06-11;254
2022-06-12;241
2022-06-13;232
2022-06-14;225
2022-06-15;215
2022-06-16;215
2022-06-17;211
2022-06-18;196
2022-06-19;185
2022-06-20;176
2022-06-21;199
2022-06-22;236
2022-06-23;254
2022-06-24;236
2022-06-25;206
2022-06-26;177
2022-06-27;156
2022-06-28;148
2022-06-29;150
2022-06-30;150
2022-07-01;141
2022-07-02;133
2022-07-03;116
2022-07-04;106
2022-07-05;104
2022-07-06;108
2022-07-07;116
2022-07-08;107
2022-07-09;95
2022-07-10;90
2022-07-12;86
2022-07-13;82
2022-07-14;79
2022-07-15;75
2022-07-16;72
2022-07-17;81
2022-07-18;83
2022-07-19;91
2022-07-20;87
2022-07-21;81
2022-07-22;75
2022-07-23;75
2022-07-24;79
2022-07-25;81
2022-07-26;84
2022-07-27;88
2022-07-29;108
2022-07-30;143
2022-07-31;187
2022-08-01;225
2022-08-02;243
2022-08-03;250
2022-08-04;274
2022-08-05;296
2022-08-06;317
2022-08-07;300
2022-08-08;272
2022-08-09;270
2022-08-10;285
2022-08-11;287
2022-08-13;238
2022-08-14;215
2022-08-15;204
2022-08-16;192
2022-08-17;186
2022-08-18;188
2022-08-19;203
2022-08-20;216
2022-08-21;224
2022-08-22;240
2022-08-23;266
2022-08-24;268
2022-08-25;257
2022-08-27;252
2022-08-28;263
2022-08-29;269
2022-08-30;266
2022-08-31;260
2022-09-01;261
2022-09-02;277
2022-09-03;306
2022-09-04;292
2022-09-05;294
2022-09-06;294
2022-09-07;296
2022-09-08;283
2022-09-09;306
2022-09-10;247
2022-09-11;233
2022-09-12;218
2022-09-13;207
2022-09-14;199
2022-09-15;204
2022-09-16;204
2022-09-17;198
2022-09-18;189
2022-09-19;180
2022-09-20;173
2022-09-21;169
2022-09-23;192
2022-09-24;194
2022-09-25;210
2022-09-26;220
2022-09-28;212
2022-09-29;199
2022-09-30;188
2022-10-01;180
2022-10-02;173
2022-10-03;168
2022-10-04;163
2022-10-05;159
2022-10-06;155
2022-10-07;149
2022-10-08;145
2022-10-09;140
2022-10-10;136
2022-10-11;131
2022-10-12;128
2022-10-13;126
2022-10-14;128
2022-10-15;136
2022-10-16;142
2022-10-17;142
2022-10-18;139
2022-10-19;131
2022-10-20;126
2022-10-21;123
2022-10-22;119
2022-10-23;117
2022-10-25;111
2022-10-26;110
2022-10-27;110
2022-10-28;107
2022-10-29;99
2022-10-30;87
2022-10-31;85
2022-11-01;80
2022-11-02;80
2022-11-03;76
2022-11-04;80
2022-11-05;77
2022-11-06;77
2022-11-08;78
2022-11-09;78
2022-11-10;78
2022-11-11;71
2022-11-12;71
2022-11-13;69
2022-11-15;74
2022-11-16;74
2022-11-17;67
2022-11-18;63
2022-11-22;-61
2022-11-23;-59
2022-11-30;-56
2022-12-20;-44
2022-12-31;155
2023-01-10;158
2023-01-20;160
2023-01-31;129
2023-02-10;108
2023-02-20;89
2023-02-28;79
2023-03-10;69
2023-03-20;58
2023-03-31;55
2023-04-01;57
2023-04-02;57
2023-04-03;57
2023-04-04;57
2023-04-05;57
2023-04-06;56
2023-04-07;54
2023-04-08;53
2023-04-09;52
2023-04-10;52
2023-04-11;51
2023-04-12;51
2023-04-13;49
2023-04-14;49
2023-04-15;46
2023-04-16;47
2023-04-17;47
2023-04-18;47
2023-04-19;48
2023-04-20;48
2023-05-05;108
2023-05-06;0
2023-05-07;241
2023-05-08;148
2023-05-09;348
2023-05-10;328
2023-05-11;363
2023-05-12;423
2023-05-13;454
2023-05-14;457
2023-05-15;449
2023-05-16;413
2023-05-17;361
2023-05-18;313
2023-05-19;283
2023-05-20;275
2023-05-21;290
2023-05-22;303
2023-05-23;318
2023-05-24;339
2023-05-25;364
2023-05-26;384
2023-05-27;401
2023-05-28;399
2023-05-30;353
2023-05-31;345
2023-06-01;345
2023-06-02;350
2023-06-03;350
2023-06-04;349
2023-06-05;355
2023-06-06;369
2023-06-07;390
2023-06-08;423
2023-06-10;428
2023-06-11;423
2023-06-12;418
2023-06-13;418
2023-06-14;418
2023-06-15;413
2023-06-16;398
2023-06-17;393
2023-06-18;378
2023-06-19;351
2023-06-20;328
2023-06-21;307
2023-06-22;290
2023-06-23;272
2023-06-24;263
2023-06-25;272
2023-06-26;303
2023-06-27;352
2023-06-28;353
2023-06-29;353
2023-06-30;413
2023-07-01;485
2023-07-02;494
2023-07-03;463
2023-07-04;420
2023-07-05;343
2023-07-06;306
2023-07-07;286
2023-07-08;271
2023-07-09;256
2023-07-10;247
2023-07-11;241
2023-07-12;236
2023-07-13;234
2023-07-14;240
2023-07-15;240
2023-07-16;236
2023-07-17;224
2023-07-18;208
2023-07-19;203
2023-07-20;207
2023-07-21;215
2023-07-22;196
2023-07-23;179
2023-07-24;162
2023-07-25;146
2023-07-26;140
2023-07-27;136
2023-07-28;132
2023-07-29;132
2023-07-30;136
2023-07-31;136
2023-08-01;133
2023-08-02;125
2023-08-03;121
2023-08-04;110
2023-08-05;104
2023-08-06;102
2023-08-08;108
2023-08-09;111
2023-08-10;113
2023-08-11;109
2023-08-12;116
2023-08-13;149
2023-08-14;194
2023-08-15;203
2023-08-16;184
2023-08-17;165
2023-08-18;160
2023-08-19;217
2023-08-20;334
2023-08-21;422
2023-08-22;498
2023-08-23;500
2023-08-24;456
2023-08-25;381
2023-08-26;281
2023-08-27;238
2023-08-28;212
2023-08-29;196
2023-08-30;180
2023-08-31;170
2023-09-01;160
2023-09-02;156
2023-09-03;155
2023-09-04;150
2023-09-05;144
2023-09-06;138
2023-09-07;132
2023-09-08;128
2023-09-09;124
2023-09-10;121
2023-09-11;126
2023-09-12;132
2023-09-13;138
2023-09-14;136
2023-09-15;130
2023-09-16;124
2023-09-17;117
2023-09-18;111
2023-09-19;107
2023-09-20;102
2023-09-21;98
2023-09-22;96
2023-09-23;93
2023-09-24;88
2023-09-25;87
2023-09-26;84
2023-09-27;83
2023-09-28;81
2023-09-29;79
2023-09-30;77
2023-10-01;75
2023-10-02;73
2023-10-03;71
2023-10-04;73
2023-10-05;72
2023-10-06;73
2023-10-07;76
2023-10-08;85
2023-10-09;89
2023-10-10;92
2023-10-11;90
2023-10-12;86
2023-10-13;82
2023-10-14;81
2023-10-15;80
2023-10-16;82
2023-10-17;82
2023-10-18;81
2023-10-19;81
2023-10-20;80
2023-10-21;77
2023-10-22;75
2023-10-23;72
2023-10-24;69
2023-10-25;66
2023-10-26;64
2023-10-27;60
2023-10-28;59
2023-10-29;57
2023-10-30;55
2023-10-31;48
2023-11-01;39
2023-11-02;14
2023-11-03;-26
2023-11-04;-56
2023-11-10;-61
2023-11-20;27
2023-11-30;17
2023-12-10;13
2023-12-31;107
2024-01-10;94
2024-01-20;82
2024-01-31;66
2024-02-20;37
2024-02-29;38
2024-03-10;29
2024-03-20;30
2024-03-31;33
2024-04-01;31
2024-04-02;31
2024-04-03;31
2024-04-04;31
2024-04-05;31
2024-04-06;31
2024-04-07;31
2024-04-08;32
2024-04-09;32
2024-04-10;32
2024-04-11;33
2024-04-12;34
2024-04-13;37
2024-04-14;37
2024-04-15;40
2024-04-16;43
2024-04-17;46
2024-04-18;50
2024-04-19;53
2024-04-20;57
2024-04-21;62
2024-04-22;64
2024-04-23;73
2024-04-24;89
2024-04-25;97
2024-04-26;131
2024-04-27;162
2024-04-28;197
2024-04-29;206
2024-04-30;176
2024-05-03;239
2024-05-04;228
2024-05-05;211
2024-05-06;211
2024-05-07;242
2024-05-08;297
2024-05-09;359
2024-05-10;379
2024-05-11;361
2024-05-12;326
2024-05-13;291
